mc	mn	onset	duration	gracenote	nominal_duration	scalar	tied	tpc	midi	staff	voice	volta
0	1	0	1/8		1/8	1		1	43	2	1	
0	1	0	1/4		1/4	1		1	67	1	1	
0	1	0	1/4		1/4	1		5	71	1	1	
0	1	1/8	1/8		1/8	1		1	55	2	1	
0	1	1/4	1/8		1/8	1		1	55	2	1	
0	1	1/4	1/8		1/8	1		3	69	1	1	
0	1	1/4	1/8		1/8	1		0	72	1	1	
1	2	0	1/8		1/8	1		1	55	2	1	
1	2	0	1/8		1/8	1		5	71	1	1	
1	2	0	1/8		1/8	1		2	74	1	1	
1	2	1/8	1/8		1/8	1		1	55	2	1	
1	2	1/4	1/8		1/8	1		1	55	2	1	
1	2	1/4	1/8		1/8	1		5	71	1	1	
1	2	1/4	1/8		1/8	1		2	74	1	1	
2	3	0	1/8		1/8	1		1	55	2	1	
2	3	0	1/4		1/4	1		4	76	1	1	
2	3	0	1/4		1/4	1		1	79	1	1	
2	3	1/8	1/8		1/8	1		1	55	2	1	
2	3	1/4	1/8		1/8	1		1	55	2	1	
2	3	1/4	1/8		1/8	1		2	74	1	1	
2	3	1/4	1/8		1/8	1		6	78	1	1	
3	4	0	1/8		1/8	1		1	55	2	1	
3	4	0	1/4		1/4	1		0	72	1	1	
3	4	0	1/4		1/4	1		4	76	1	1	
3	4	0	0	grace16	1/16	1		6	78	1	1	
3	4	1/8	1/8		1/8	1		1	55	2	1	
3	4	1/4	1/8		1/8	1		1	55	2	1	
3	4	1/4	1/8		1/8	1		5	71	1	1	
3	4	1/4	1/8		1/8	1		2	74	1	1	
4	5	0	1/8		1/8	1		1	43	2	1	
4	5	0	1/4		1/4	1		1	67	1	1	
4	5	0	1/4		1/4	1		5	71	1	1	
4	5	1/8	1/8		1/8	1		1	55	2	1	
4	5	1/4	1/8		1/8	1		1	55	2	1	
4	5	1/4	1/8		1/8	1		3	69	1	1	
4	5	1/4	1/8		1/8	1		0	72	1	1	
5	6	0	1/8		1/8	1		1	55	2	1	
5	6	0	1/8		1/8	1		5	71	1	1	
5	6	0	1/8		1/8	1		2	74	1	1	
5	6	1/8	1/8		1/8	1		1	55	2	1	
5	6	1/4	1/8		1/8	1		1	55	2	1	
5	6	1/4	1/8		1/8	1		5	71	1	1	
5	6	1/4	1/8		1/8	1		2	74	1	1	
6	7	0	1/8		1/8	1		1	55	2	1	
6	7	0	1/4		1/4	1		0	72	1	1	
6	7	0	1/4		1/4	1		4	76	1	1	
6	7	1/8	1/8		1/8	1		1	55	2	1	
6	7	1/4	1/8		1/8	1		1	55	2	1	
6	7	1/4	1/8		1/8	1		5	71	1	1	
6	7	1/4	1/8		1/8	1		2	74	1	1	
7	8	0	1/8		1/8	1		1	55	2	1	
7	8	0	1/4		1/4	1		3	69	1	1	
7	8	0	1/4		1/4	1		0	72	1	1	
7	8	0	0	grace16	1/16	1		2	74	1	1	
7	8	1/8	1/8		1/8	1		1	55	2	1	
7	8	1/4	1/8		1/8	1		1	55	2	1	
7	8	1/4	1/8		1/8	1		1	67	1	1	
7	8	1/4	1/8		1/8	1		5	71	1	1	
8	9	0	3/8		1/4	3/2		5	35	2	1	
8	9	0	3/8		1/4	3/2		5	47	2	1	
8	9	0	1/16		1/16	1		2	62	1	1	
8	9	1/16	1/16		1/16	1		1	67	1	1	
8	9	1/8	1/16		1/16	1		6	66	1	1	
8	9	3/16	1/16		1/16	1		1	67	1	1	
8	9	1/4	1/16		1/16	1		5	71	1	1	
8	9	5/16	1/16		1/16	1		1	67	1	1	
9	10	0	3/8		1/4	3/2		0	36	2	1	
9	10	0	3/8		1/4	3/2		0	48	2	1	
9	10	0	1/16		1/16	1		4	64	1	1	
9	10	1/16	1/16		1/16	1		3	69	1	1	
9	10	1/8	1/16		1/16	1		8	68	1	1	
9	10	3/16	1/16		1/16	1		3	69	1	1	
9	10	1/4	1/16		1/16	1		0	72	1	1	
9	10	5/16	1/16		1/16	1		3	69	1	1	
10	11	0	3/8		1/4	3/2		2	38	2	1	
10	11	0	3/8		1/4	3/2		2	50	2	1	
10	11	0	1/16		1/16	1		6	66	1	1	
10	11	1/16	1/16		1/16	1		5	71	1	1	
10	11	1/8	1/16		1/16	1		10	70	1	1	
10	11	3/16	1/16		1/16	1		5	71	1	1	
10	11	1/4	1/16		1/16	1		2	74	1	1	
10	11	5/16	1/16		1/16	1		5	71	1	1	
11	12	0	3/8		1/4	3/2		4	40	2	1	
11	12	0	3/8		1/4	3/2		4	52	2	1	
11	12	0	1/16		1/16	1		1	67	1	1	
11	12	1/16	1/16		1/16	1		0	72	1	1	
11	12	1/8	1/16		1/16	1		5	71	1	1	
11	12	3/16	1/16		1/16	1		0	72	1	1	
11	12	1/4	1/16		1/16	1		4	76	1	1	
11	12	5/16	1/16		1/16	1		0	72	1	1	
12	13	0	1/16		1/16	1		6	54	2	1	
12	13	0	1/8		1/8	1		2	74	1	1	
12	13	1/16	1/16		1/16	1		2	62	2	1	
12	13	1/8	1/16		1/16	1		7	61	2	1	
12	13	3/16	1/16		1/16	1		2	62	2	1	
12	13	1/4	1/16		1/16	1		6	54	2	1	
12	13	1/4	1/8		1/8	1		3	81	1	1	
12	13	1/4	1/8		1/8	1		0	84	1	1	
12	13	5/16	1/16		1/16	1		2	62	2	1	
13	14	0	1/16		1/16	1		1	55	2	1	
13	14	0	1/8		1/8	1		1	79	1	1	
13	14	0	1/8		1/8	1		5	83	1	1	
13	14	1/16	1/16		1/16	1		2	62	2	1	
13	14	1/8	1/16		1/16	1		7	61	2	1	
13	14	3/16	1/16		1/16	1		2	62	2	1	
13	14	1/4	1/16		1/16	1		1	55	2	1	
13	14	1/4	1/8		1/8	1		5	71	1	1	
13	14	1/4	1/8		1/8	1		2	74	1	1	
13	14	5/16	1/16		1/16	1		2	62	2	1	
14	15	0	1/16		1/16	1		3	57	2	1	
14	15	0	1/8		1/8	1		3	69	1	1	
14	15	0	1/8		1/8	1		0	72	1	1	
14	15	1/16	1/16		1/16	1		2	62	2	1	
14	15	1/8	1/16		1/16	1		7	61	2	1	
14	15	3/16	1/16		1/16	1		2	62	2	1	
14	15	1/4	1/16		1/16	1		3	57	2	1	
14	15	1/4	1/8		1/8	1		0	72	1	1	
14	15	1/4	1/8		1/8	1		6	78	1	1	
14	15	5/16	1/16		1/16	1		2	62	2	1	
15	16	0	1/16		1/16	1		5	59	2	1	
15	16	0	1/8		1/8	1		5	71	1	1	
15	16	0	1/8		1/8	1		1	79	1	1	
15	16	1/16	1/16		1/16	1		2	62	2	1	
15	16	1/8	1/16		1/16	1		7	61	2	1	
15	16	3/16	1/16		1/16	1		2	62	2	1	
15	16	1/4	1/16		1/16	1		5	59	2	1	
15	16	1/4	1/8		1/8	1		1	67	1	1	
15	16	1/4	1/8		1/8	1		5	71	1	1	
15	16	5/16	1/16		1/16	1		2	62	2	1	
16	17	0	1/8		1/8	1		0	60	2	1	
16	17	0	1/8		1/8	1		4	64	2	1	
16	17	0	1/16		1/16	1		3	69	1	1	
16	17	1/16	1/16		1/16	1		8	68	1	1	
16	17	1/8	1/16		1/16	1		5	71	1	1	
16	17	3/16	1/16		1/16	1		3	69	1	1	
16	17	1/4	1/16		1/16	1		0	72	1	1	
16	17	5/16	1/16		1/16	1		5	71	1	1	
17	18	0	1/16		1/16	1		2	74	1	1	
17	18	1/16	1/16		1/16	1		0	72	1	1	
17	18	1/8	1/4		1/4	1	1	4	76	1	1	
17	18	1/4	1/8		1/8	1		0	60	2	1	
17	18	1/4	1/8		1/8	1		1	67	2	1	
18	19	0	1/8		1/8	1		2	62	2	1	
18	19	0	1/8		1/8	1		6	66	2	1	
18	19	0	1/8		1/8	1	-1	4	76	1	1	
18	19	1/8	1/4		1/4	1	1	0	72	1	1	
18	19	1/4	1/8		1/8	1		2	62	2	1	
18	19	1/4	1/8		1/8	1		6	66	2	1	
19	20	0	1/8		1/8	1		4	64	2	1	
19	20	0	1/8		1/8	1		1	67	2	1	
19	20	0	1/8		1/8	1	-1	0	72	1	1	
19	20	1/8	1/4		1/4	1	1	5	71	1	1	
19	20	1/4	1/8		1/8	1		4	64	2	1	
19	20	1/4	1/8		1/8	1		1	67	2	1	
20	21	0	1/8		1/8	1		0	60	2	1	
20	21	0	1/8		1/8	1		4	64	2	1	
20	21	0	1/8		1/8	1	-1	5	71	1	1	
20	21	1/8	1/4		1/4	1	1	3	69	1	1	
20	21	1/4	1/8		1/8	1		0	48	2	1	
20	21	1/4	1/8		1/8	1		0	60	2	1	
21	22	0	1/8		1/8	1		2	50	2	1	
21	22	0	1/8		1/8	1		5	59	2	1	
21	22	0	1/8		1/8	1	-1	3	69	1	1	
21	22	1/8	1/4		1/4	1	1	1	67	1	1	
21	22	1/4	1/8		1/8	1		2	50	2	1	
21	22	1/4	1/8		1/8	1		5	59	2	1	
22	23	0	1/8		1/8	1		2	50	2	1	
22	23	0	1/8		1/8	1		3	57	2	1	
22	23	0	1/8		1/8	1	-1	1	67	1	1	
22	23	1/8	1/4		1/4	1	1	6	66	1	1	
22	23	1/4	1/8		1/8	1		2	50	2	1	
22	23	1/4	1/8		1/8	1		3	57	2	1	
23	24	0	1/8		1/8	1		1	55	2	1	
23	24	0	1/8		1/8	1		5	59	2	1	
23	24	0	1/8		1/8	1	-1	6	66	1	1	
23	24	1/8	1/8		1/8	1		1	67	1	1	
23	24	1/4	1/8		1/8	1		3	69	1	1	
24	25	0	1/16		1/16	1		1	43	2	1	
24	25	0	3/8		1/4	3/2		2	62	1	1	
24	25	0	3/8		1/4	3/2		-1	65	1	1	
24	25	0	3/8		1/4	3/2		5	71	1	1	
24	25	1/16	1/16		1/16	1		1	55	2	1	
24	25	1/8	1/16		1/16	1		6	54	2	1	
24	25	3/16	1/16		1/16	1		1	55	2	1	
24	25	1/4	1/16		1/16	1		3	57	2	1	
24	25	5/16	1/16		1/16	1		1	55	2	1	
25	26	0	1/8		1/8	1		1	43	2	1	
25	26	0	1/16		1/16	1		4	64	1	1	
25	26	1/16	1/16		1/16	1		1	67	1	1	
25	26	1/8	1/16		1/16	1		0	72	1	1	
25	26	3/16	1/16		1/16	1		1	67	1	1	
25	26	1/4	1/16		1/16	1		4	76	1	1	
25	26	5/16	1/16		1/16	1		0	72	1	1	
26	27	0	1/16		1/16	1		1	43	2	1	
26	27	0	3/8		1/4	3/2		3	69	1	1	
26	27	0	3/8		1/4	3/2		0	72	1	1	
26	27	0	3/8		1/4	3/2		6	78	1	1	
26	27	1/16	1/16		1/16	1		1	55	2	1	
26	27	1/8	1/16		1/16	1		6	54	2	1	
26	27	3/16	1/16		1/16	1		1	55	2	1	
26	27	1/4	1/16		1/16	1		3	57	2	1	
26	27	5/16	1/16		1/16	1		1	55	2	1	
27	28	0	1/8		1/8	1		1	43	2	1	
27	28	0	1/16		1/16	1		1	79	1	1	
27	28	1/16	1/16		1/16	1		5	83	1	1	
27	28	1/8	1/16		1/16	1		1	79	1	1	
27	28	3/16	1/16		1/16	1		2	74	1	1	
27	28	1/4	1/16		1/16	1		5	71	1	1	
27	28	5/16	1/16		1/16	1		1	67	1	1	
28	29	0	1/16		1/16	1		1	43	2	1	
28	29	0	3/8		1/4	3/2		2	62	1	1	
28	29	0	3/8		1/4	3/2		-1	65	1	1	
28	29	0	3/8		1/4	3/2		5	71	1	1	
28	29	1/16	1/16		1/16	1		1	55	2	1	
28	29	1/8	1/16		1/16	1		6	54	2	1	
28	29	3/16	1/16		1/16	1		1	55	2	1	
28	29	1/4	1/16		1/16	1		3	57	2	1	
28	29	5/16	1/16		1/16	1		1	55	2	1	
29	30	0	1/8		1/8	1		1	43	2	1	
29	30	0	1/16		1/16	1		4	64	1	1	
29	30	1/16	1/16		1/16	1		1	67	1	1	
29	30	1/8	1/16		1/16	1		0	72	1	1	
29	30	3/16	1/16		1/16	1		1	67	1	1	
29	30	1/4	1/16		1/16	1		4	76	1	1	
29	30	5/16	1/16		1/16	1		0	72	1	1	
30	31	0	1/16		1/16	1		1	43	2	1	
30	31	0	3/8		1/4	3/2		3	69	1	1	
30	31	0	3/8		1/4	3/2		0	72	1	1	
30	31	0	3/8		1/4	3/2		6	78	1	1	
30	31	1/16	1/16		1/16	1		1	55	2	1	
30	31	1/8	1/16		1/16	1		6	54	2	1	
30	31	3/16	1/16		1/16	1		1	55	2	1	
30	31	1/4	1/16		1/16	1		3	57	2	1	
30	31	5/16	1/16		1/16	1		1	55	2	1	
31	32	0	1/8		1/8	1		1	43	2	1	
31	32	0	1/16		1/16	1		1	79	1	1	
31	32	1/16	1/16		1/16	1		3	81	1	1	
31	32	1/8	1/16		1/16	1		5	83	1	1	
31	32	3/16	1/16		1/16	1		1	79	1	1	
31	32	1/4	1/16		1/16	1		6	78	1	1	
31	32	5/16	1/16		1/16	1		9	75	1	1	
32	33	0	1/16		1/16	1		0	60	2	1	
32	33	0	1/4		1/4	1		4	76	1	1	
32	33	1/16	1/16		1/16	1		1	67	2	1	
32	33	1/8	1/16		1/16	1		6	66	2	1	
32	33	3/16	1/16		1/16	1		1	67	2	1	
32	33	1/4	1/16		1/16	1		2	62	2	1	
32	33	1/4	1/8		1/8	1		2	74	1	1	
32	33	5/16	1/16		1/16	1		1	67	2	1	
33	34	0	1/16		1/16	1		4	64	2	1	
33	34	0	1/4		1/4	1		0	72	1	1	
33	34	0	0	grace16	1/16	1		2	74	1	1	
33	34	1/16	1/16		1/16	1		1	67	2	1	
33	34	1/8	1/16		1/16	1		6	66	2	1	
33	34	3/16	1/16		1/16	1		1	67	2	1	
33	34	1/4	1/16		1/16	1		2	62	2	1	
33	34	1/4	1/8		1/8	1		5	71	1	1	
33	34	5/16	1/16		1/16	1		1	67	2	1	
34	35	0	1/16		1/16	1		0	60	2	1	
34	35	0	1/8		1/8	1		5	71	1	1	
34	35	1/16	1/16		1/16	1		1	67	2	1	
34	35	1/8	1/16		1/16	1		6	66	2	1	
34	35	1/8	1/8		1/8	1		3	69	1	1	
34	35	3/16	1/16		1/16	1		1	67	2	1	
34	35	1/4	1/16		1/16	1		2	62	2	1	
34	35	1/4	1/8		1/8	1		5	71	1	1	
34	35	5/16	1/16		1/16	1		1	67	2	1	
35	36	0	1/16		1/16	1		4	64	2	1	
35	36	0	1/4		1/4	1		0	72	1	1	
35	36	0	0	grace16	1/16	1		2	74	1	1	
35	36	1/16	1/16		1/16	1		1	67	2	1	
35	36	1/8	1/16		1/16	1		6	66	2	1	
35	36	3/16	1/16		1/16	1		1	67	2	1	
35	36	1/4	1/16		1/16	1		2	62	2	1	
35	36	1/4	1/8		1/8	1		5	71	1	1	
35	36	5/16	1/16		1/16	1		1	67	2	1	
36	37	0	1/16		1/16	1		0	60	2	1	
36	37	0	1/8		1/8	1		5	71	1	1	
36	37	1/16	1/16		1/16	1		1	67	2	1	
36	37	1/8	1/16		1/16	1		6	66	2	1	
36	37	1/8	1/8		1/8	1		3	69	1	1	
36	37	3/16	1/16		1/16	1		1	67	2	1	
36	37	1/4	1/16		1/16	1		2	62	2	1	
36	37	1/4	1/8		1/8	1		5	71	1	1	
36	37	5/16	1/16		1/16	1		1	67	2	1	
37	38	0	1/16		1/16	1		4	64	2	1	
37	38	0	1/4		1/4	1		0	72	1	1	
37	38	0	0	grace16	1/16	1		2	74	1	1	
37	38	1/16	1/16		1/16	1		1	67	2	1	
37	38	1/8	1/16		1/16	1		6	66	2	1	
37	38	3/16	1/16		1/16	1		1	67	2	1	
37	38	1/4	1/16		1/16	1		7	61	2	1	
37	38	1/4	1/8		1/8	1		5	71	1	1	
37	38	5/16	1/16		1/16	1		1	67	2	1	
38	39	0	1/8		1/8	1		2	62	2	1	
38	39	0	1/8		1/8	1		6	66	2	1	
38	39	0	1/8		1/8	1		3	69	1	1	
38	39	1/8	1/8		1/8	1		3	57	2	1	
38	39	1/8	1/8		1/8	1		6	78	1	1	
38	39	1/8	1/8		1/8	1		3	81	1	1	
38	39	1/8	1/8		1/8	1		2	86	1	1	
38	39	1/4	1/8		1/8	1		6	54	2	1	
38	39	1/4	1/8		1/8	1		6	78	1	1	
38	39	1/4	1/8		1/8	1		3	81	1	1	
38	39	1/4	1/8		1/8	1		2	86	1	1	
39	40	0	1/8		1/8	1		2	50	2	1	
39	40	0	1/8		1/8	1		6	78	1	1	
39	40	0	1/8		1/8	1		3	81	1	1	
39	40	0	1/8		1/8	1		2	86	1	1	
40	41	0	1/8		1/8	1		3	81	1	1	
40	41	1/8	1/8		1/8	1		8	80	1	1	
40	41	1/4	1/8		1/8	1		5	83	1	1	
41	42	0	1/8		1/8	1		3	81	1	1	
41	42	1/8	1/8		1/8	1		8	80	1	1	
41	42	1/4	1/8		1/8	1		5	83	1	1	
42	43	0	3/8		1/4	3/2	1	3	57	2	2	
42	43	0	1/8		1/8	1		6	66	2	1	
42	43	0	1/8		1/8	1		2	74	1	2	
42	43	0	3/8		1/4	3/2	1	3	81	1	1	
42	43	1/8	1/8		1/8	1		4	64	2	1	
42	43	1/8	1/8		1/8	1		7	73	1	2	
42	43	1/4	1/8		1/8	1		1	67	2	1	
42	43	1/4	1/8		1/8	1		4	76	1	2	
43	44	0	3/8		1/4	3/2	0	3	57	2	2	
43	44	0	1/8		1/8	1		6	66	2	1	
43	44	0	1/8		1/8	1		2	74	1	2	
43	44	0	3/8		1/4	3/2	0	3	81	1	1	
43	44	1/8	1/8		1/8	1		4	64	2	1	
43	44	1/8	1/8		1/8	1		7	73	1	2	
43	44	1/4	1/8		1/8	1		1	67	2	1	
43	44	1/4	1/8		1/8	1		4	76	1	2	
44	45	0	1/8		1/8	1	-1	3	57	2	2	
44	45	0	1/8		1/8	1		6	66	2	1	
44	45	0	1/8		1/8	1		2	74	1	2	
44	45	0	1/8		1/8	1	-1	3	81	1	1	
44	45	1/8	1/8		1/8	1		3	57	2	1	
44	45	1/4	1/8		1/8	1		2	62	2	1	
44	45	1/4	1/16		1/16	1		6	78	1	1	
44	45	5/16	1/16		1/16	1		2	74	1	1	
45	46	0	1/8		1/8	1		7	61	2	2	
45	46	0	1/8		1/8	1		1	79	1	1	
45	46	1/8	1/8		1/8	1		3	57	2	2	
45	46	1/4	1/8		1/8	1		1	67	2	2	
45	46	1/4	1/16		1/16	1		4	76	1	1	
45	46	5/16	1/16		1/16	1		7	73	1	1	
46	47	0	1/8		1/8	1		6	66	2	2	
46	47	0	1/8		1/8	1		2	74	1	1	
46	47	1/8	1/8		1/8	1		3	57	2	2	
46	47	1/4	1/8		1/8	1		2	62	2	2	
46	47	1/4	1/16		1/16	1		3	69	1	1	
46	47	5/16	1/16		1/16	1		6	78	1	1	
47	48	0	1/8		1/8	1		7	61	2	2	
47	48	0	1/8		1/8	1		4	76	1	1	
47	48	1/8	1/16		1/16	1		4	76	1	1	
47	48	3/16	1/16		1/16	1		1	79	1	1	
47	48	1/4	1/16		1/16	1		6	78	1	1	
47	48	5/16	1/16		1/16	1		3	81	1	1	
48	49	0	1/8		1/8	1		1	79	1	1	
48	49	1/8	1/8		1/8	1		6	78	1	1	
48	49	1/4	1/8		1/8	1		3	81	1	1	
49	50	0	1/8		1/8	1		1	79	1	1	
49	50	1/8	1/8		1/8	1		6	78	1	1	
49	50	1/4	1/8		1/8	1		3	81	1	1	
50	51	0	3/8		1/4	3/2	1	3	57	2	2	
50	51	0	1/8		1/8	1		4	64	2	1	
50	51	0	1/8		1/8	1		7	73	1	2	
50	51	0	3/8		1/4	3/2	1	1	79	1	1	
50	51	1/8	1/8		1/8	1		2	62	2	1	
50	51	1/8	1/8		1/8	1		5	71	1	2	
50	51	1/4	1/8		1/8	1		6	66	2	1	
50	51	1/4	1/8		1/8	1		2	74	1	2	
51	52	0	3/8		1/4	3/2	0	3	57	2	2	
51	52	0	1/8		1/8	1		4	64	2	1	
51	52	0	1/8		1/8	1		7	73	1	2	
51	52	0	3/8		1/4	3/2	0	1	79	1	1	
51	52	1/8	1/8		1/8	1		2	62	2	1	
51	52	1/8	1/8		1/8	1		5	71	1	2	
51	52	1/4	1/8		1/8	1		6	66	2	1	
51	52	1/4	1/8		1/8	1		2	74	1	2	
52	53	0	1/8		1/8	1	-1	3	57	2	2	
52	53	0	1/8		1/8	1		4	64	2	1	
52	53	0	1/8		1/8	1		7	73	1	2	
52	53	0	1/8		1/8	1	-1	1	79	1	1	
52	53	1/8	1/8		1/8	1		3	57	2	1	
52	53	1/4	1/8		1/8	1		1	67	2	1	
52	53	1/4	1/16		1/16	1		4	76	1	1	
52	53	5/16	1/16		1/16	1		7	73	1	1	
53	54	0	1/8		1/8	1		6	66	2	2	
53	54	0	1/8		1/8	1		2	74	1	1	
53	54	1/8	1/8		1/8	1		3	57	2	2	
53	54	1/4	1/8		1/8	1		2	62	2	2	
53	54	1/4	1/16		1/16	1		3	69	1	1	
53	54	5/16	1/16		1/16	1		6	78	1	1	
54	55	0	1/8		1/8	1		7	61	2	2	
54	55	0	1/8		1/8	1		4	76	1	1	
54	55	1/8	1/8		1/8	1		3	57	2	2	
54	55	1/4	1/8		1/8	1		7	61	2	2	
54	55	1/4	1/16		1/16	1		3	69	1	1	
54	55	5/16	1/16		1/16	1		1	79	1	1	
55	56	0	1/8		1/8	1		2	62	2	2	
55	56	0	1/8		1/8	1		6	78	1	1	
55	56	1/8	1/8		1/8	1		2	74	1	2	
55	56	1/8	1/16		1/16	1		6	78	1	1	
55	56	3/16	1/16		1/16	1		3	81	1	1	
55	56	1/4	1/8		1/8	1		4	76	1	2	
55	56	1/4	1/16		1/16	1		1	79	1	1	
55	56	5/16	1/16		1/16	1		5	83	1	1	
56	57	0	1/8		1/8	1		2	50	2	1	
56	57	0	1/8		1/8	1		2	62	2	1	
56	57	0	1/8		1/8	1		6	78	1	2	
56	57	0	1/8		1/8	1		3	81	1	1	
56	57	1/8	1/8		1/8	1		7	49	2	1	
56	57	1/8	1/8		1/8	1		7	61	2	1	
56	57	1/4	1/8		1/8	1		4	52	2	1	
56	57	1/4	1/8		1/8	1		4	64	2	1	
57	58	0	1/8		1/8	1		2	50	2	1	
57	58	0	1/8		1/8	1		2	62	2	1	
57	58	1/8	1/8		1/8	1		5	59	2	2	
57	58	1/8	1/16		1/16	1		2	62	2	1	
57	58	3/16	1/16		1/16	1		6	66	2	1	
57	58	1/4	1/8		1/8	1		7	61	2	2	
57	58	1/4	1/16		1/16	1		4	64	2	1	
57	58	5/16	1/16		1/16	1		1	67	2	1	
58	59	0	1/8		1/8	1		2	62	2	2	
58	59	0	1/8		1/8	1		6	66	2	1	
58	59	0	1/8		1/8	1		5	71	1	1	
58	59	0	1/8		1/8	1		5	83	1	1	
58	59	1/8	1/8		1/8	1		10	70	1	1	
58	59	1/8	1/8		1/8	1		10	82	1	1	
58	59	1/4	1/8		1/8	1		7	73	1	1	
58	59	1/4	1/8		1/8	1		7	85	1	1	
59	60	0	1/8		1/8	1		5	71	1	1	
59	60	0	1/8		1/8	1		5	83	1	1	
59	60	1/8	1/8		1/8	1		1	67	1	2	
59	60	1/8	1/16		1/16	1		5	71	1	1	
59	60	3/16	1/16		1/16	1		2	74	1	1	
59	60	1/4	1/8		1/8	1		3	69	1	2	
59	60	1/4	1/16		1/16	1		0	72	1	1	
59	60	5/16	1/16		1/16	1		4	76	1	1	
60	61	0	1/8		1/8	1		1	43	2	2	
60	61	0	1/8		1/8	1		1	55	2	2	
60	61	0	1/8		1/8	1		5	71	1	2	
60	61	0	1/8		1/8	1		2	74	1	1	
60	61	1/8	1/8		1/8	1		6	42	2	2	
60	61	1/8	1/8		1/8	1		6	54	2	2	
60	61	1/4	1/8		1/8	1		3	45	2	2	
60	61	1/4	1/8		1/8	1		3	57	2	2	
61	62	0	1/8		1/8	1		1	43	2	2	
61	62	0	1/8		1/8	1		1	55	2	2	
61	62	1/8	1/8		1/8	1		4	52	2	2	
61	62	1/8	1/16		1/16	1		1	55	2	1	
61	62	3/16	1/16		1/16	1		5	59	2	1	
61	62	1/4	1/8		1/8	1		6	54	2	2	
61	62	1/4	1/16		1/16	1		3	57	2	1	
61	62	5/16	1/16		1/16	1		0	60	2	1	
62	63	0	1/8		1/8	1		1	55	2	2	
62	63	0	1/8		1/8	1		5	59	2	1	
62	63	0	1/8		1/8	1		4	64	1	2	
62	63	0	1/8		1/8	1		4	76	1	2	
62	63	1/8	1/8		1/8	1		9	63	1	2	
62	63	1/8	1/8		1/8	1		9	75	1	2	
62	63	1/4	1/8		1/8	1		6	66	1	2	
62	63	1/4	1/8		1/8	1		6	78	1	2	
63	64	0	1/8		1/8	1		4	64	1	1	
63	64	0	1/8		1/8	1		4	76	1	1	
63	64	1/8	1/16		1/16	1		4	76	1	1	
63	64	3/16	1/16		1/16	1		9	75	1	1	
63	64	1/4	1/16		1/16	1		6	78	1	1	
63	64	5/16	1/16		1/16	1		4	76	1	1	
64	65	0	1/16		1/16	1		1	79	1	1	
64	65	1/16	1/16		1/16	1		4	76	1	1	
64	65	1/8	1/16		1/16	1		7	73	1	1	
64	65	3/16	1/16		1/16	1		-2	70	1	1	
64	65	1/4	1/8		1/8	1		7	61	2	1	
64	65	1/4	1/8		1/8	1		4	64	2	1	
64	65	1/4	1/8		1/8	1		1	67	2	1	
64	65	1/4	1/8		1/8	1		3	69	1	1	
65	66	0	1/16		1/16	1		1	79	1	1	
65	66	1/16	1/16		1/16	1		4	76	1	1	
65	66	1/8	1/16		1/16	1		7	73	1	1	
65	66	3/16	1/16		1/16	1		-2	70	1	1	
65	66	1/4	1/8		1/8	1		7	61	2	1	
65	66	1/4	1/8		1/8	1		4	64	2	1	
65	66	1/4	1/8		1/8	1		1	67	2	1	
65	66	1/4	1/8		1/8	1		3	69	1	1	
66	67	0	1/16		1/16	1		1	79	1	1	
66	67	1/16	1/16		1/16	1		4	76	1	1	
66	67	1/8	1/16		1/16	1		7	73	1	1	
66	67	3/16	1/16		1/16	1		-2	70	1	1	
66	67	1/4	1/8		1/8	1		7	61	2	1	
66	67	1/4	1/8		1/8	1		4	64	2	1	
66	67	1/4	1/8		1/8	1		1	67	2	1	
66	67	1/4	1/8		1/8	1		3	69	1	1	
67	68	0	1/16		1/16	1		1	79	1	1	
67	68	1/16	1/16		1/16	1		4	76	1	1	
67	68	1/8	1/16		1/16	1		7	73	1	1	
67	68	3/16	1/16		1/16	1		-2	70	1	1	
67	68	1/4	1/8		1/8	1		7	61	2	1	
67	68	1/4	1/8		1/8	1		4	64	2	1	
67	68	1/4	1/8		1/8	1		1	67	2	1	
67	68	1/4	1/8		1/8	1		3	69	1	1	
68	69	0	1/16		1/16	1		2	50	2	1	
68	69	1/16	1/16		1/16	1		6	54	2	1	
68	69	1/8	1/16		1/16	1		3	57	2	1	
68	69	3/16	1/16		1/16	1		2	62	2	1	
68	69	1/4	1/8		1/8	1		6	66	2	1	
68	69	1/4	1/8		1/8	1		2	74	1	1	
68	69	1/4	1/8		1/8	1		6	78	1	1	
68	69	1/4	1/8		1/8	1		3	81	1	1	
69	70	0	1/16		1/16	1		1	43	2	1	
69	70	1/16	1/16		1/16	1		5	47	2	1	
69	70	1/8	1/16		1/16	1		2	50	2	1	
69	70	3/16	1/16		1/16	1		1	55	2	1	
69	70	1/4	1/8		1/8	1		5	59	2	1	
69	70	1/4	1/8		1/8	1		2	74	1	1	
69	70	1/4	1/8		1/8	1		1	79	1	1	
69	70	1/4	1/8		1/8	1		2	86	1	1	
70	71	0	1/16		1/16	1		3	57	2	1	
70	71	0	3/8		1/4	3/2		3	69	1	1	
70	71	1/16	1/16		1/16	1		6	66	2	1	
70	71	1/8	1/16		1/16	1		2	62	2	1	
70	71	3/16	1/16		1/16	1		6	66	2	1	
70	71	1/4	1/16		1/16	1		3	57	2	1	
70	71	5/16	1/16		1/16	1		6	66	2	1	
71	72	0	1/16		1/16	1		3	57	2	1	
71	72	0	3/8		1/4	3/2		4	76	1	1	
71	72	1/16	1/16		1/16	1		1	67	2	1	
71	72	1/8	1/16		1/16	1		7	61	2	1	
71	72	3/16	1/16		1/16	1		1	67	2	1	
71	72	1/4	1/16		1/16	1		3	57	2	1	
71	72	5/16	1/16		1/16	1		1	67	2	1	
72	73	0	1/8		1/8	1		2	62	2	1	
72	73	0	1/8		1/8	1		6	66	2	1	
72	73	0	1/8		1/8	1		2	74	1	1	
72	73	1/4	1/8		1/8	1		3	81	1	1	
73	74	0	1/8		1/8	1		1	79	1	1	
73	74	1/8	1/8		1/8	1		6	78	1	1	
73	74	1/4	1/8		1/8	1		10	58	2	1	
73	74	1/4	1/8		1/8	1		4	64	2	1	
73	74	1/4	1/8		1/8	1		6	78	1	1	
74	75	0	1/8		1/8	1		5	59	2	1	
74	75	0	1/8		1/8	1		2	62	2	1	
74	75	0	1/8		1/8	1		6	78	1	1	
74	75	1/4	1/8		1/8	1		6	78	1	1	
75	76	0	1/8		1/8	1		0	84	1	1	
75	76	1/8	1/8		1/8	1		5	83	1	1	
75	76	1/4	1/8		1/8	1		9	63	2	2	
75	76	1/4	1/8		1/8	1		3	69	2	2	
75	76	1/4	1/8		1/8	1		5	83	1	1	
76	77	0	1/4		1/4	1		5	83	1	1	
76	77	1/8	1/8		1/8	1		2	62	2	2	
76	77	1/8	1/8		1/8	1		8	68	2	1	
76	77	1/4	1/8		1/8	1		7	61	2	2	
76	77	1/4	1/8		1/8	1		1	67	2	1	
76	77	1/4	1/8		1/8	1		4	76	1	1	
77	78	0	1/4		1/4	1		3	81	1	1	
77	78	1/8	1/8		1/8	1		0	60	2	2	
77	78	1/8	1/8		1/8	1		6	66	2	1	
77	78	1/4	1/8		1/8	1		5	59	2	2	
77	78	1/4	1/8		1/8	1		1	67	2	1	
77	78	1/4	1/8		1/8	1		2	74	1	1	
78	79	0	1/8		1/8	1		3	57	2	1	
78	79	0	1/8		1/8	1		7	61	2	1	
78	79	0	1/8		1/8	1		1	79	1	1	
78	79	1/4	1/8		1/8	1		5	59	2	1	
78	79	1/4	1/8		1/8	1		2	62	2	1	
78	79	1/4	1/8		1/8	1		6	78	1	1	
79	80	0	1/8		1/8	1		1	55	2	2	
79	80	0	1/4		1/4	1		2	62	2	1	
79	80	0	3/8		1/4	3/2		4	76	1	1	
79	80	1/8	1/8		1/8	1		4	52	2	2	
79	80	1/4	1/8		1/8	1		3	57	2	2	
79	80	1/4	1/8		1/8	1		7	61	2	1	
80	81	0	1/8		1/8	1		2	62	2	1	
80	81	0	1/8		1/8	1		2	74	1	1	
80	81	1/8	1/8		1/8	1		2	50	2	1	
80	81	1/4	1/8		1/8	1		3	69	2	2	
81	82	0	1/8		1/8	1		1	67	2	2	
81	82	1/8	1/8		1/8	1		6	66	2	2	
81	82	1/4	1/8		1/8	1		6	66	2	2	
81	82	1/4	1/8		1/8	1		5	71	1	1	
81	82	1/4	1/8		1/8	1		11	77	1	1	
82	83	0	1/8		1/8	1		6	66	2	1	
82	83	0	1/8		1/8	1		10	70	1	1	
82	83	0	1/8		1/8	1		6	78	1	1	
82	83	1/4	1/8		1/8	1		6	66	2	1	
83	84	0	1/8		1/8	1		0	72	2	1	
83	84	1/8	1/8		1/8	1		5	71	2	1	
83	84	1/4	1/8		1/8	1		5	71	2	1	
83	84	1/4	1/8		1/8	1		4	76	1	1	
83	84	1/4	1/8		1/8	1		10	82	1	1	
84	85	0	1/4		1/4	1		5	71	2	1	
84	85	1/8	1/8		1/8	1		9	75	1	1	
84	85	1/8	1/8		1/8	1		3	81	1	1	
84	85	1/4	1/8		1/8	1		4	64	2	1	
84	85	1/4	1/8		1/8	1		2	74	1	1	
84	85	1/4	1/8		1/8	1		8	80	1	1	
85	86	0	1/4		1/4	1		3	69	2	1	
85	86	1/8	1/8		1/8	1		7	73	1	2	
85	86	1/8	1/8		1/8	1		1	79	1	1	
85	86	1/4	1/8		1/8	1		2	62	2	1	
85	86	1/4	1/8		1/8	1		2	74	1	2	
85	86	1/4	1/8		1/8	1		6	78	1	1	
86	87	0	1/8		1/8	1		1	67	2	1	
86	87	0	1/8		1/8	1		2	74	1	1	
86	87	0	1/8		1/8	1		5	83	1	1	
87	88	0	1/8		1/8	1		3	69	2	1	
87	88	0	1/8		1/8	1		7	73	1	1	
87	88	0	1/8		1/8	1		1	79	1	1	
88	89	0	1/16		1/16	1		6	66	1	1	
88	89	1/16	1/16		1/16	1		3	69	1	1	
88	89	1/8	1/16		1/16	1		2	74	1	1	
88	89	3/16	1/16		1/16	1		6	78	1	1	
88	89	1/4	1/8		1/8	1		6	54	2	1	
88	89	1/4	1/8		1/8	1		3	57	2	1	
88	89	1/4	1/8		1/8	1		2	62	2	1	
88	89	1/4	1/8		1/8	1		3	81	1	1	
89	90	0	1/16		1/16	1		1	67	1	1	
89	90	1/16	1/16		1/16	1		5	71	1	1	
89	90	1/8	1/16		1/16	1		2	74	1	1	
89	90	3/16	1/16		1/16	1		1	79	1	1	
89	90	1/4	1/8		1/8	1		1	55	2	1	
89	90	1/4	1/8		1/8	1		5	59	2	1	
89	90	1/4	1/8		1/8	1		2	62	2	1	
89	90	1/4	1/8		1/8	1		5	83	1	1	
90	91	0	1/16		1/16	1		2	50	2	1	
90	91	1/16	1/16		1/16	1		6	54	2	1	
90	91	1/8	1/16		1/16	1		3	57	2	1	
90	91	3/16	1/16		1/16	1		2	62	2	1	
90	91	1/4	1/8		1/8	1		6	66	2	1	
90	91	1/4	1/8		1/8	1		2	74	1	1	
90	91	1/4	1/8		1/8	1		3	81	1	1	
90	91	1/4	1/8		1/8	1		2	86	1	1	
91	92	0	1/16		1/16	1		1	43	2	1	
91	92	1/16	1/16		1/16	1		5	47	2	1	
91	92	1/8	1/16		1/16	1		2	50	2	1	
91	92	3/16	1/16		1/16	1		1	55	2	1	
91	92	1/4	1/8		1/8	1		5	59	2	1	
91	92	1/4	1/8		1/8	1		2	74	1	1	
91	92	1/4	1/8		1/8	1		1	79	1	1	
91	92	1/4	1/8		1/8	1		2	86	1	1	
92	93	0	1/4		1/4	1		3	45	2	1	
92	93	0	1/4		1/4	1		3	57	2	1	
92	93	0	1/16		1/16	1		6	78	1	1	
92	93	1/16	1/16		1/16	1		2	86	1	1	
92	93	1/8	1/16		1/16	1		6	78	1	1	
92	93	3/16	1/16		1/16	1		2	86	1	1	
92	93	1/4	1/8		1/8	1		2	50	2	1	
92	93	1/4	1/8		1/8	1		2	62	2	1	
92	93	1/4	1/16		1/16	1		6	78	1	1	
92	93	5/16	1/16		1/16	1		2	86	1	1	
93	94	0	1/4		1/4	1		6	54	2	1	
93	94	0	1/4		1/4	1		6	66	2	1	
93	94	0	1/16		1/16	1		6	78	1	1	
93	94	1/16	1/16		1/16	1		2	86	1	1	
93	94	1/8	1/16		1/16	1		6	78	1	1	
93	94	3/16	1/16		1/16	1		2	86	1	1	
93	94	1/4	1/8		1/8	1		3	57	2	1	
93	94	1/4	1/8		1/8	1		3	69	2	1	
93	94	1/4	1/16		1/16	1		6	78	1	1	
93	94	5/16	1/16		1/16	1		2	86	1	1	
94	95	0	1/8		1/8	1		1	55	2	1	
94	95	0	1/8		1/8	1		1	67	2	1	
94	95	0	1/16		1/16	1		4	76	1	1	
94	95	1/16	1/16		1/16	1		7	85	1	1	
94	95	1/8	1/8		1/8	1		1	55	2	1	
94	95	1/8	1/8		1/8	1		1	67	2	1	
94	95	1/8	1/16		1/16	1		4	76	1	1	
94	95	3/16	1/16		1/16	1		7	85	1	1	
94	95	1/4	1/8		1/8	1		4	52	2	1	
94	95	1/4	1/8		1/8	1		4	64	2	1	
94	95	1/4	1/16		1/16	1		4	76	1	1	
94	95	5/16	1/16		1/16	1		7	85	1	1	
95	96	0	1/8		1/8	1		7	49	2	1	
95	96	0	1/8		1/8	1		7	61	2	1	
95	96	0	1/16		1/16	1		4	76	1	1	
95	96	1/16	1/16		1/16	1		7	85	1	1	
95	96	1/8	1/8		1/8	1		7	49	2	1	
95	96	1/8	1/8		1/8	1		7	61	2	1	
95	96	1/8	1/16		1/16	1		4	76	1	1	
95	96	3/16	1/16		1/16	1		7	85	1	1	
95	96	1/4	1/8		1/8	1		3	45	2	1	
95	96	1/4	1/8		1/8	1		3	57	2	1	
95	96	1/4	1/16		1/16	1		4	76	1	1	
95	96	5/16	1/16		1/16	1		7	85	1	1	
96	97	0	1/8		1/8	1		2	50	2	1	
96	97	0	1/8		1/8	1		2	62	2	1	
96	97	0	1/8		1/8	1		6	78	1	1	
96	97	0	1/8		1/8	1		2	86	1	1	
96	97	1/4	1/8		1/8	1		6	54	2	1	
96	97	1/4	1/8		1/8	1		6	66	1	1	
97	98	0	1/8		1/8	1		1	55	2	1	
97	98	0	1/8		1/8	1		1	67	1	1	
97	98	1/8	1/8		1/8	1		8	56	2	1	
97	98	1/8	1/8		1/8	1		8	68	1	1	
97	98	1/4	1/8		1/8	1		3	57	2	1	
97	98	1/4	1/8		1/8	1		3	69	1	1	
98	99	0	1/8		1/8	1		10	58	2	1	
98	99	0	1/8		1/8	1		10	70	1	1	
98	99	1/8	1/8		1/8	1		5	59	2	1	
98	99	1/8	1/8		1/8	1		5	71	1	1	
98	99	1/4	1/8		1/8	1		8	56	2	1	
98	99	1/4	1/8		1/8	1		8	68	1	1	
99	100	0	1/8		1/8	1		3	57	2	1	
99	100	0	1/8		1/8	1		3	69	1	1	
99	100	1/4	1/8		1/8	1		3	57	2	1	
99	100	1/4	1/8		1/8	1		3	69	1	1	
100	101	0	1/8		1/8	1		2	50	2	1	
100	101	0	1/8		1/8	1		2	62	1	1	
100	101	1/4	1/8		1/8	1		3	45	2	1	
100	101	1/4	1/8		1/8	1		3	57	2	1	
100	101	1/4	1/8		1/8	1		4	76	1	1	
100	101	1/4	1/8		1/8	1		3	81	1	1	
100	101	1/4	1/8		1/8	1		7	85	1	1	
101	102	0	1/8		1/8	1		2	38	2	1	
101	102	0	1/8		1/8	1		2	50	2	1	
101	102	0	1/8		1/8	1		2	74	1	1	
101	102	0	1/8		1/8	1		6	78	1	1	
101	102	0	1/8		1/8	1		3	81	1	1	
101	102	0	1/8		1/8	1		2	86	1	1	
102	103	0	1/8		1/8	1		2	50	2	2	
102	103	0	1/8		1/8	1		-1	53	2	2	
102	103	0	1/8		1/8	1		3	57	2	2	
102	103	1/8	1/8		1/8	1		2	62	1	1	
102	103	1/4	1/8		1/8	1		2	62	1	1	
103	104	0	1/4		1/4	1		2	62	1	1	
103	104	1/8	1/8		1/8	1		2	50	2	2	
103	104	1/8	1/8		1/8	1		-1	53	2	2	
103	104	1/8	1/8		1/8	1		3	57	2	2	
103	104	1/4	1/8		1/8	1		2	50	2	2	
103	104	1/4	1/8		1/8	1		-1	53	2	2	
103	104	1/4	1/8		1/8	1		3	57	2	2	
103	104	1/4	1/8		1/8	1		-1	65	1	1	
104	105	0	1/8		1/8	1		2	50	2	2	
104	105	0	1/8		1/8	1		-1	53	2	2	
104	105	0	1/8		1/8	1		3	57	2	2	
104	105	1/8	1/8		1/8	1		2	62	1	1	
104	105	1/4	1/8		1/8	1		2	62	1	1	
105	106	0	1/4		1/4	1		2	62	1	1	
105	106	1/8	1/8		1/8	1		2	50	2	2	
105	106	1/8	1/8		1/8	1		-1	53	2	2	
105	106	1/8	1/8		1/8	1		3	57	2	2	
105	106	1/4	1/8		1/8	1		2	50	2	2	
105	106	1/4	1/8		1/8	1		-1	53	2	2	
105	106	1/4	1/8		1/8	1		3	57	2	2	
105	106	1/4	1/8		1/8	1		3	69	1	1	
106	107	0	3/8		1/4	3/2	1	2	50	2	2	
106	107	0	3/8		1/4	3/2	1	-1	53	2	2	
106	107	0	3/8		1/4	3/2	1	8	56	2	1	
106	107	0	3/8		1/4	3/2	1	5	59	2	1	
106	107	1/8	1/16		1/16	1		2	86	1	1	
106	107	3/16	1/16		1/16	1		-1	89	1	1	
106	107	1/4	1/16		1/16	1		5	83	1	1	
106	107	5/16	1/16		1/16	1		2	86	1	1	
107	108	0	3/8		1/4	3/2	0	2	50	2	2	
107	108	0	3/8		1/4	3/2	0	-1	53	2	2	
107	108	0	3/8		1/4	3/2	0	8	56	2	1	
107	108	0	3/8		1/4	3/2	0	5	59	2	1	
107	108	0	1/16		1/16	1		8	80	1	1	
107	108	1/16	1/16		1/16	1		5	83	1	1	
107	108	1/8	1/16		1/16	1		-1	77	1	1	
107	108	3/16	1/16		1/16	1		8	80	1	1	
107	108	1/4	1/16		1/16	1		2	74	1	1	
107	108	5/16	1/16		1/16	1		-1	77	1	1	
108	109	0	3/8		1/4	3/2	0	2	50	2	2	
108	109	0	3/8		1/4	3/2	0	-1	53	2	2	
108	109	0	3/8		1/4	3/2	0	8	56	2	1	
108	109	0	3/8		1/4	3/2	0	5	59	2	1	
108	109	0	1/16		1/16	1		5	71	1	1	
108	109	1/16	1/16		1/16	1		2	74	1	1	
108	109	1/8	1/16		1/16	1		8	68	1	1	
108	109	3/16	1/16		1/16	1		5	71	1	1	
108	109	1/4	1/16		1/16	1		-1	65	1	1	
108	109	5/16	1/16		1/16	1		8	68	1	1	
109	110	0	1/8		1/8	1	-1	2	50	2	2	
109	110	0	1/8		1/8	1	-1	-1	53	2	2	
109	110	0	1/8		1/8	1	-1	8	56	2	1	
109	110	0	1/8		1/8	1	-1	5	59	2	1	
109	110	0	1/16		1/16	1		2	62	1	1	
109	110	1/16	1/16		1/16	1		-1	65	1	1	
109	110	1/8	1/16		1/16	1		5	59	1	1	
109	110	3/16	1/16		1/16	1		2	62	1	1	
109	110	1/4	1/16		1/16	1		8	56	1	1	
109	110	5/16	1/16		1/16	1		5	59	1	1	
110	111	0	1/8		1/8	1		0	48	2	2	
110	111	0	1/8		1/8	1		4	52	2	2	
110	111	0	1/8		1/8	1		3	57	2	2	
110	111	1/8	1/8		1/8	1		4	64	1	1	
110	111	1/4	1/8		1/8	1		4	64	1	1	
111	112	0	1/4		1/4	1		4	64	1	1	
111	112	1/8	1/8		1/8	1		0	48	2	2	
111	112	1/8	1/8		1/8	1		4	52	2	2	
111	112	1/8	1/8		1/8	1		3	57	2	2	
111	112	1/4	1/8		1/8	1		0	48	2	2	
111	112	1/4	1/8		1/8	1		4	52	2	2	
111	112	1/4	1/8		1/8	1		3	57	2	2	
111	112	1/4	1/8		1/8	1		3	69	1	1	
112	113	0	1/8		1/8	1		0	48	2	2	
112	113	0	1/8		1/8	1		4	52	2	2	
112	113	0	1/8		1/8	1		3	57	2	2	
112	113	1/8	1/8		1/8	1		3	69	1	1	
112	113	1/4	1/8		1/8	1		3	69	1	1	
113	114	0	1/4		1/4	1		3	69	1	1	
113	114	1/8	1/8		1/8	1		0	48	2	2	
113	114	1/8	1/8		1/8	1		4	52	2	2	
113	114	1/8	1/8		1/8	1		3	57	2	2	
113	114	1/4	1/8		1/8	1		0	48	2	2	
113	114	1/4	1/8		1/8	1		4	52	2	2	
113	114	1/4	1/8		1/8	1		3	57	2	2	
113	114	1/4	1/8		1/8	1		4	76	1	1	
114	115	0	1/8		1/8	1		9	51	2	2	
114	115	0	1/8		1/8	1		6	54	2	2	
114	115	0	1/8		1/8	1		3	57	2	2	
114	115	0	1/8		1/8	1		0	60	2	2	
114	115	1/8	1/16		1/16	1		3	81	1	1	
114	115	3/16	1/16		1/16	1		0	84	1	1	
114	115	1/4	1/16		1/16	1		6	78	1	1	
114	115	5/16	1/16		1/16	1		3	81	1	1	
115	116	0	1/16		1/16	1		9	75	1	1	
115	116	1/16	1/16		1/16	1		6	78	1	1	
115	116	1/8	1/16		1/16	1		0	72	1	1	
115	116	3/16	1/16		1/16	1		9	75	1	1	
115	116	1/4	1/16		1/16	1		3	69	1	1	
115	116	5/16	1/16		1/16	1		0	72	1	1	
116	117	0	1/8		1/8	1		4	52	2	2	
116	117	0	1/8		1/8	1		1	55	2	2	
116	117	0	1/8		1/8	1		5	59	2	2	
116	117	1/8	1/16		1/16	1		1	79	1	1	
116	117	3/16	1/16		1/16	1		5	83	1	1	
116	117	1/4	1/16		1/16	1		4	76	1	1	
116	117	5/16	1/16		1/16	1		1	79	1	1	
117	118	0	1/16		1/16	1		5	71	1	1	
117	118	1/16	1/16		1/16	1		4	76	1	1	
117	118	1/8	1/16		1/16	1		1	67	1	1	
117	118	3/16	1/16		1/16	1		5	71	1	1	
117	118	1/4	1/16		1/16	1		4	64	1	1	
117	118	5/16	1/16		1/16	1		1	67	1	1	
118	119	0	3/8		1/4	3/2	1	0	48	2	2	
118	119	0	3/8		1/4	3/2	1	4	52	2	2	
118	119	0	3/8		1/4	3/2	1	1	55	2	1	
118	119	0	3/8		1/4	3/2	1	10	58	2	1	
118	119	1/8	1/16		1/16	1		10	82	1	1	
118	119	3/16	1/16		1/16	1		4	88	1	1	
118	119	1/4	1/16		1/16	1		1	79	1	1	
118	119	5/16	1/16		1/16	1		10	82	1	1	
119	120	0	3/8		1/4	3/2	0	0	48	2	2	
119	120	0	3/8		1/4	3/2	0	4	52	2	2	
119	120	0	3/8		1/4	3/2	0	1	55	2	1	
119	120	0	3/8		1/4	3/2	0	10	58	2	1	
119	120	0	1/16		1/16	1		4	76	1	1	
119	120	1/16	1/16		1/16	1		1	79	1	1	
119	120	1/8	1/16		1/16	1		0	72	1	1	
119	120	3/16	1/16		1/16	1		4	76	1	1	
119	120	1/4	1/16		1/16	1		10	70	1	1	
119	120	5/16	1/16		1/16	1		0	72	1	1	
120	121	0	1/8		1/8	1	-1	0	48	2	2	
120	121	0	1/8		1/8	1	-1	4	52	2	2	
120	121	0	1/8		1/8	1	-1	1	55	2	1	
120	121	0	1/8		1/8	1	-1	10	58	2	1	
120	121	0	1/16		1/16	1		1	67	1	1	
120	121	1/16	1/16		1/16	1		10	70	1	1	
120	121	1/8	1/16		1/16	1		4	64	1	1	
120	121	3/16	1/16		1/16	1		1	67	1	1	
120	121	1/4	1/16		1/16	1		0	60	1	1	
120	121	5/16	1/16		1/16	1		4	64	1	1	
121	122	0	1/16		1/16	1		10	58	1	1	
121	122	1/16	1/16		1/16	1		1	67	1	1	
121	122	1/8	1/16		1/16	1		6	66	1	1	
121	122	3/16	1/16		1/16	1		1	67	1	1	
121	122	1/4	1/16		1/16	1		6	66	1	1	
121	122	5/16	1/16		1/16	1		4	64	1	1	
122	123	0	1/16		1/16	1		5	47	2	1	
122	123	0	1/8		1/8	1		9	63	1	1	
122	123	1/16	1/16		1/16	1		5	59	2	1	
122	123	1/8	1/16		1/16	1		10	58	2	1	
122	123	3/16	1/16		1/16	1		5	59	2	1	
122	123	1/4	1/16		1/16	1		10	58	2	1	
122	123	1/4	1/8		1/8	1		9	63	1	1	
122	123	1/4	1/8		1/8	1		5	71	1	1	
122	123	5/16	1/16		1/16	1		5	59	2	1	
123	124	0	1/16		1/16	1		5	47	2	1	
123	124	0	1/8		1/8	1		4	64	1	1	
123	124	0	1/8		1/8	1		0	72	1	1	
123	124	1/16	1/16		1/16	1		5	59	2	1	
123	124	1/8	1/16		1/16	1		10	58	2	1	
123	124	3/16	1/16		1/16	1		5	59	2	1	
123	124	1/4	1/16		1/16	1		10	58	2	1	
123	124	1/4	1/8		1/8	1		4	64	1	1	
123	124	1/4	1/8		1/8	1		7	73	1	1	
123	124	5/16	1/16		1/16	1		5	59	2	1	
124	125	0	1/16		1/16	1		5	47	2	1	
124	125	0	1/8		1/8	1		6	66	1	1	
124	125	0	1/8		1/8	1		2	74	1	1	
124	125	1/16	1/16		1/16	1		5	59	2	1	
124	125	1/8	1/16		1/16	1		10	58	2	1	
124	125	3/16	1/16		1/16	1		5	59	2	1	
124	125	1/4	1/16		1/16	1		10	58	2	1	
124	125	1/4	1/8		1/8	1		6	66	1	1	
124	125	1/4	1/8		1/8	1		3	69	1	1	
124	125	1/4	1/8		1/8	1		9	75	1	1	
124	125	5/16	1/16		1/16	1		5	59	2	1	
125	126	0	1/16		1/16	1		5	47	2	1	
125	126	0	1/8		1/8	1		1	67	1	1	
125	126	0	1/8		1/8	1		4	76	1	1	
125	126	1/16	1/16		1/16	1		5	59	2	1	
125	126	1/8	1/16		1/16	1		10	58	2	1	
125	126	3/16	1/16		1/16	1		5	59	2	1	
125	126	1/4	1/16		1/16	1		10	58	2	1	
125	126	1/4	1/8		1/8	1		4	76	1	2	
125	126	1/4	1/8		1/8	1		1	79	1	1	
125	126	5/16	1/16		1/16	1		5	59	2	1	
126	127	0	1/8		1/8	1		5	47	2	1	
126	127	0	1/16		1/16	1		9	75	1	2	
126	127	0	1/16		1/16	1		6	78	1	1	
126	127	1/16	1/16		1/16	1		5	83	1	2	
126	127	1/8	1/16		1/16	1		10	82	1	2	
126	127	3/16	1/16		1/16	1		5	83	1	2	
126	127	1/4	1/8		1/8	1		5	59	2	1	
126	127	1/4	1/8		1/8	1		9	63	2	1	
126	127	1/4	1/16		1/16	1		5	71	1	2	
126	127	5/16	1/16		1/16	1		5	83	1	2	
127	128	0	1/8		1/8	1		5	59	2	1	
127	128	0	1/8		1/8	1		4	64	2	1	
127	128	0	1/16		1/16	1		0	72	1	1	
127	128	1/16	1/16		1/16	1		5	83	1	1	
127	128	1/8	1/16		1/16	1		10	82	1	1	
127	128	3/16	1/16		1/16	1		5	83	1	1	
127	128	1/4	1/8		1/8	1		5	59	2	1	
127	128	1/4	1/8		1/8	1		4	64	2	1	
127	128	1/4	1/16		1/16	1		7	73	1	1	
127	128	5/16	1/16		1/16	1		5	83	1	1	
128	129	0	1/8		1/8	1		5	59	2	1	
128	129	0	1/8		1/8	1		6	66	2	1	
128	129	0	1/16		1/16	1		2	74	1	1	
128	129	1/16	1/16		1/16	1		5	83	1	1	
128	129	1/8	1/16		1/16	1		10	82	1	1	
128	129	3/16	1/16		1/16	1		5	83	1	1	
128	129	1/4	1/8		1/8	1		5	59	2	1	
128	129	1/4	1/8		1/8	1		6	66	2	1	
128	129	1/4	1/16		1/16	1		9	75	1	1	
128	129	5/16	1/16		1/16	1		5	83	1	1	
129	130	0	1/8		1/8	1		5	59	2	1	
129	130	0	1/8		1/8	1		1	67	2	1	
129	130	0	1/16		1/16	1		4	76	1	1	
129	130	1/16	1/16		1/16	1		5	83	1	1	
129	130	1/8	1/16		1/16	1		10	82	1	1	
129	130	3/16	1/16		1/16	1		5	83	1	1	
129	130	1/4	1/8		1/8	1	1	5	59	2	1	
129	130	1/4	1/8		1/8	1		4	64	2	1	
129	130	1/4	1/16		1/16	1		1	79	1	1	
129	130	5/16	1/16		1/16	1		5	83	1	1	
130	131	0	1/8		1/8	1	-1	5	59	2	1	
130	131	0	1/8		1/8	1		9	63	2	1	
130	131	0	1/16		1/16	1		6	78	1	1	
130	131	1/16	1/16		1/16	1		5	83	1	1	
130	131	1/8	1/16		1/16	1		10	82	1	1	
130	131	3/16	1/16		1/16	1		5	83	1	1	
130	131	1/4	1/16		1/16	1		10	82	1	1	
130	131	5/16	1/16		1/16	1		5	83	1	1	
131	132	0	1/16		1/16	1		0	84	1	1	
131	132	1/16	1/16		1/16	1		3	81	1	1	
131	132	1/8	1/16		1/16	1		6	78	1	1	
131	132	3/16	1/16		1/16	1		4	76	1	1	
131	132	1/4	1/8		1/8	1		6	66	2	1	
131	132	1/4	1/8		1/8	1		3	69	2	1	
131	132	1/4	1/8		1/8	1		0	72	2	1	
131	132	1/4	1/8		1/8	1		9	75	1	1	
132	133	0	1/16		1/16	1		0	84	1	1	
132	133	1/16	1/16		1/16	1		3	81	1	1	
132	133	1/8	1/16		1/16	1		6	78	1	1	
132	133	3/16	1/16		1/16	1		4	76	1	1	
132	133	1/4	1/8		1/8	1		6	66	2	1	
132	133	1/4	1/8		1/8	1		3	69	2	1	
132	133	1/4	1/8		1/8	1		0	72	2	1	
132	133	1/4	1/8		1/8	1		9	75	1	1	
133	134	0	1/16		1/16	1		1	79	1	1	
133	134	1/16	1/16		1/16	1		4	76	1	1	
133	134	1/8	1/16		1/16	1		0	72	1	1	
133	134	3/16	1/16		1/16	1		5	71	1	1	
133	134	1/4	1/8		1/8	1		0	60	2	1	
133	134	1/4	1/8		1/8	1		4	64	2	1	
133	134	1/4	1/8		1/8	1		1	67	2	1	
133	134	1/4	1/8		1/8	1		10	70	1	1	
134	135	0	1/16		1/16	1		1	79	1	1	
134	135	1/16	1/16		1/16	1		4	76	1	1	
134	135	1/8	1/16		1/16	1		0	72	1	1	
134	135	3/16	1/16		1/16	1		5	71	1	1	
134	135	1/4	1/8		1/8	1		0	60	2	1	
134	135	1/4	1/8		1/8	1		4	64	2	1	
134	135	1/4	1/8		1/8	1		1	67	2	1	
134	135	1/4	1/8		1/8	1		10	70	1	1	
135	136	0	1/16		1/16	1		5	59	2	1	
135	136	0	3/8		1/4	3/2		5	71	1	1	
135	136	1/16	1/16		1/16	1		1	67	2	1	
135	136	1/8	1/16		1/16	1		4	64	2	1	
135	136	3/16	1/16		1/16	1		1	67	2	1	
135	136	1/4	1/16		1/16	1		5	59	2	1	
135	136	5/16	1/16		1/16	1		1	67	2	1	
136	137	0	1/16		1/16	1		5	59	2	1	
136	137	0	3/8		1/4	3/2		6	78	1	1	
136	137	1/16	1/16		1/16	1		3	69	2	1	
136	137	1/8	1/16		1/16	1		9	63	2	1	
136	137	3/16	1/16		1/16	1		3	69	2	1	
136	137	1/4	1/16		1/16	1		5	59	2	1	
136	137	5/16	1/16		1/16	1		3	69	2	1	
137	138	0	1/8		1/8	1		4	64	2	1	
137	138	0	1/8		1/8	1		1	67	2	1	
137	138	0	1/8		1/8	1		4	76	1	1	
137	138	1/4	1/8		1/8	1		1	55	2	1	
137	138	1/4	1/8		1/8	1		1	67	1	1	
138	139	0	1/8		1/8	1		8	56	2	1	
138	139	0	1/8		1/8	1		8	68	1	1	
138	139	1/8	1/8		1/8	1		3	57	2	1	
138	139	1/8	1/8		1/8	1		3	69	1	1	
138	139	1/4	1/8		1/8	1		10	58	2	1	
138	139	1/4	1/8		1/8	1		10	70	1	1	
139	140	0	1/8		1/8	1		5	59	2	1	
139	140	0	1/8		1/8	1		5	71	1	1	
139	140	1/8	1/8		1/8	1		0	60	2	1	
139	140	1/8	1/8		1/8	1		0	72	1	1	
139	140	1/4	1/8		1/8	1		10	58	2	1	
139	140	1/4	1/8		1/8	1		10	70	1	1	
140	141	0	1/8		1/8	1		5	59	2	1	
140	141	0	1/8		1/8	1		5	71	1	1	
140	141	1/4	1/8		1/8	1		5	59	2	1	
140	141	1/4	1/8		1/8	1		5	71	1	1	
141	142	0	1/8		1/8	1		4	52	2	1	
141	142	0	1/8		1/8	1		4	64	1	1	
141	142	1/4	1/8		1/8	1		5	47	2	1	
141	142	1/4	1/8		1/8	1		5	59	2	1	
141	142	1/4	1/8		1/8	1		6	78	1	1	
141	142	1/4	1/8		1/8	1		3	81	1	1	
141	142	1/4	1/8		1/8	1		9	87	1	1	
142	143	0	1/8		1/8	1		4	40	2	1	
142	143	0	1/8		1/8	1		4	52	2	1	
142	143	0	1/8		1/8	1		4	76	1	1	
142	143	0	1/8		1/8	1		1	79	1	1	
142	143	0	1/8		1/8	1		4	88	1	1	
142	143	1/4	1/8		1/8	1		3	57	2	1	
142	143	1/4	1/8		1/8	1		3	69	1	1	
143	144	0	1/8		1/8	1		2	50	2	1	
143	144	0	1/8		1/8	1		2	62	1	1	
143	144	1/4	1/8		1/8	1		3	45	2	1	
143	144	1/4	1/8		1/8	1		3	57	2	1	
143	144	1/4	1/8		1/8	1		4	76	1	1	
143	144	1/4	1/8		1/8	1		1	79	1	1	
143	144	1/4	1/8		1/8	1		7	85	1	1	
144	145	0	1/8		1/8	1		2	38	2	1	
144	145	0	1/8		1/8	1		2	50	2	1	
144	145	0	1/8		1/8	1		2	74	1	1	
144	145	0	1/8		1/8	1		-1	77	1	1	
144	145	0	1/8		1/8	1		3	81	1	1	
144	145	0	1/8		1/8	1		2	86	1	1	
144	145	1/4	1/8		1/8	1		1	55	2	1	
144	145	1/4	1/8		1/8	1		1	67	1	1	
145	146	0	1/8		1/8	1		0	48	2	1	
145	146	0	1/8		1/8	1		0	60	1	1	
145	146	1/4	1/8		1/8	1		1	43	2	1	
145	146	1/4	1/8		1/8	1		1	55	2	1	
145	146	1/4	1/8		1/8	1		2	74	1	1	
145	146	1/4	1/8		1/8	1		-1	77	1	1	
145	146	1/4	1/8		1/8	1		5	83	1	1	
146	147	0	1/8		1/8	1		0	36	2	1	
146	147	0	1/8		1/8	1		0	48	2	1	
146	147	0	1/8		1/8	1		0	72	1	1	
146	147	0	1/8		1/8	1		4	76	1	1	
146	147	0	1/8		1/8	1		1	79	1	1	
146	147	0	1/8		1/8	1		0	84	1	1	
146	147	1/4	1/8		1/8	1		9	75	1	1	
147	148	0	1/8		1/8	1		4	76	1	1	
147	148	1/8	1/8		1/8	1		5	71	1	1	
147	148	1/4	1/8		1/8	1		0	72	1	1	
148	149	0	1/8		1/8	1		8	68	1	1	
148	149	1/8	1/8		1/8	1		3	69	1	1	
148	149	1/4	1/8		1/8	1		4	64	1	1	
149	150	0	3/8		1/4	3/2		1	67	1	1	
149	150	1/8	1/8		1/8	1		2	50	2	1	
149	150	1/8	1/8		1/8	1		3	57	2	1	
149	150	1/8	1/8		1/8	1		0	60	2	1	
149	150	1/4	1/8		1/8	1		2	50	2	1	
149	150	1/4	1/8		1/8	1		3	57	2	1	
149	150	1/4	1/8		1/8	1		0	60	2	1	
150	151	0	1/8		1/8	1		2	50	2	1	
150	151	0	1/8		1/8	1		3	57	2	1	
150	151	0	1/8		1/8	1		0	60	2	1	
150	151	0	1/8		1/8	1		6	66	1	1	
150	151	1/8	1/8		1/8	1		2	50	2	1	
150	151	1/8	1/8		1/8	1		3	57	2	1	
150	151	1/8	1/8		1/8	1		0	60	2	1	
150	151	1/4	1/8		1/8	1		9	51	2	1	
150	151	1/4	1/8		1/8	1		3	57	2	1	
150	151	1/4	1/8		1/8	1		5	59	2	1	
150	151	1/4	1/8		1/8	1		6	78	1	1	
151	152	0	1/8		1/8	1		4	52	2	1	
151	152	0	1/8		1/8	1		1	55	2	1	
151	152	0	1/8		1/8	1		5	59	2	1	
151	152	0	1/8		1/8	1		1	79	1	1	
151	152	1/8	1/8		1/8	1		9	75	1	1	
151	152	1/4	1/8		1/8	1		4	76	1	1	
152	153	0	1/8		1/8	1		5	71	1	1	
152	153	1/8	1/8		1/8	1		0	72	1	1	
152	153	1/4	1/8		1/8	1		1	67	1	1	
153	154	0	3/8		1/4	3/2		5	71	1	1	
153	154	1/8	1/8		1/8	1		6	54	2	1	
153	154	1/8	1/8		1/8	1		2	62	2	1	
153	154	1/4	1/8		1/8	1		6	54	2	1	
153	154	1/4	1/8		1/8	1		2	62	2	1	
154	155	0	1/8		1/8	1		6	54	2	1	
154	155	0	1/8		1/8	1		0	60	2	1	
154	155	0	1/8		1/8	1		2	62	2	1	
154	155	0	1/8		1/8	1		3	69	1	1	
154	155	1/8	1/8		1/8	1		6	54	2	1	
154	155	1/8	1/8		1/8	1		0	60	2	1	
154	155	1/8	1/8		1/8	1		2	62	2	1	
154	155	1/4	1/8		1/8	1		3	69	2	1	
155	156	0	1/8		1/8	1		5	71	2	1	
155	156	1/8	1/8		1/8	1		6	66	2	1	
155	156	1/4	1/8		1/8	1		1	67	2	1	
156	157	0	1/8		1/8	1		9	63	2	1	
156	157	1/8	1/8		1/8	1		4	64	2	1	
156	157	1/4	1/8		1/8	1		5	59	2	1	
157	158	0	3/8		1/4	3/2		2	62	2	1	
157	158	1/8	1/8		1/8	1		4	76	1	2	
157	158	1/8	1/8		1/8	1		1	79	1	1	
157	158	1/4	1/8		1/8	1		-1	77	1	2	
157	158	1/4	1/8		1/8	1		8	80	1	1	
158	159	0	1/8		1/8	1		7	61	2	1	
158	159	0	1/8		1/8	1		4	76	1	2	
158	159	0	1/8		1/8	1		3	81	1	1	
158	159	1/8	1/8		1/8	1		3	69	1	2	
158	159	1/8	1/8		1/8	1		4	76	1	1	
158	159	1/4	1/8		1/8	1		-2	70	1	2	
158	159	1/4	1/8		1/8	1		1	79	1	1	
159	160	0	1/8		1/8	1		2	62	2	1	
159	160	0	1/8		1/8	1		3	69	1	1	
159	160	0	1/8		1/8	1		6	78	1	2	
159	160	1/8	1/8		1/8	1		2	74	1	1	
159	160	1/4	1/8		1/8	1		7	73	1	1	
160	161	0	1/8		1/8	1		2	74	1	1	
160	161	1/8	1/8		1/8	1		7	73	1	1	
160	161	1/4	1/8		1/8	1		2	74	1	1	
161	162	0	3/8		1/4	3/2		6	66	1	1	
161	162	0	3/8		1/4	3/2		3	69	1	1	
161	162	1/8	1/8		1/8	1		2	62	2	1	
161	162	1/4	1/8		1/8	1		7	61	2	1	
162	163	0	1/8		1/8	1		2	62	2	1	
162	163	0	3/8		1/4	3/2		1	67	1	1	
162	163	0	3/8		1/4	3/2		-2	70	1	1	
162	163	1/8	1/8		1/8	1		7	61	2	1	
162	163	1/4	1/8		1/8	1		2	62	2	1	
163	164	0	1/8		1/8	1		2	50	2	1	
163	164	0	1/8		1/8	1		6	66	1	1	
163	164	0	1/8		1/8	1		3	69	1	1	
163	164	1/8	1/8		1/8	1		3	81	1	1	
163	164	1/4	1/8		1/8	1		8	80	1	1	
164	165	0	1/8		1/8	1		3	81	1	1	
164	165	1/8	1/8		1/8	1		8	80	1	1	
164	165	1/4	1/8		1/8	1		3	81	1	1	
165	166	0	1/4		1/4	1		1	79	1	1	
165	166	1/8	1/8		1/8	1		-3	63	2	1	
165	166	1/8	1/8		1/8	1		1	67	2	1	
165	166	1/4	1/8		1/8	1		2	62	2	1	
165	166	1/4	1/8		1/8	1		6	66	2	1	
165	166	1/4	1/8		1/8	1		-2	82	1	1	
166	167	0	1/8		1/8	1		-3	63	2	1	
166	167	0	1/8		1/8	1		1	67	2	1	
166	167	0	3/8		1/4	3/2		7	73	1	1	
166	167	1/8	1/8		1/8	1		2	62	2	1	
166	167	1/8	1/8		1/8	1		6	66	2	1	
166	167	1/4	1/8		1/8	1		-3	63	2	1	
166	167	1/4	1/8		1/8	1		1	67	2	1	
167	168	0	1/8		1/8	1		2	62	2	1	
167	168	0	1/8		1/8	1		6	66	2	1	
167	168	0	1/16		1/16	1		2	74	1	1	
167	168	1/16	1/16		1/16	1		-3	75	1	1	
167	168	1/8	1/16		1/16	1		4	76	1	1	
167	168	3/16	1/16		1/16	1		-1	77	1	1	
167	168	1/4	1/16		1/16	1		6	78	1	1	
167	168	5/16	1/16		1/16	1		1	79	1	1	
168	169	0	1/16		1/16	1		8	80	1	1	
168	169	1/16	1/16		1/16	1		3	81	1	1	
168	169	1/8	1/16		1/16	1		-2	82	1	1	
168	169	3/16	1/16		1/16	1		5	83	1	1	
168	169	1/4	1/16		1/16	1		0	84	1	1	
168	169	5/16	1/16		1/16	1		7	85	1	1	
169	170	0	1/8		1/8	1		2	86	1	1	
171	172	0	1/8		1/8	1		1	43	2	1	
171	172	0	1/4		1/4	1		1	67	1	1	
171	172	0	1/4		1/4	1		5	71	1	1	
171	172	1/8	1/8		1/8	1		1	55	2	1	
171	172	1/4	1/8		1/8	1		1	55	2	1	
171	172	1/4	1/8		1/8	1		3	69	1	1	
171	172	1/4	1/8		1/8	1		0	72	1	1	
172	173	0	1/8		1/8	1		1	55	2	1	
172	173	0	1/8		1/8	1		5	71	1	1	
172	173	0	1/8		1/8	1		2	74	1	1	
172	173	1/8	1/8		1/8	1		1	55	2	1	
172	173	1/4	1/8		1/8	1		1	55	2	1	
172	173	1/4	1/8		1/8	1		5	71	1	1	
172	173	1/4	1/8		1/8	1		2	74	1	1	
173	174	0	1/8		1/8	1		1	55	2	1	
173	174	0	1/4		1/4	1		4	76	1	1	
173	174	0	1/4		1/4	1		1	79	1	1	
173	174	1/8	1/8		1/8	1		1	55	2	1	
173	174	1/4	1/8		1/8	1		1	55	2	1	
173	174	1/4	1/8		1/8	1		2	74	1	1	
173	174	1/4	1/8		1/8	1		6	78	1	1	
174	175	0	1/8		1/8	1		1	55	2	1	
174	175	0	1/4		1/4	1		0	72	1	1	
174	175	0	1/4		1/4	1		4	76	1	1	
174	175	0	0	grace16	1/16	1		6	78	1	1	
174	175	1/8	1/8		1/8	1		1	55	2	1	
174	175	1/4	1/8		1/8	1		1	55	2	1	
174	175	1/4	1/8		1/8	1		5	71	1	1	
174	175	1/4	1/8		1/8	1		2	74	1	1	
175	176	0	1/8		1/8	1		1	43	2	1	
175	176	0	1/4		1/4	1		1	67	1	1	
175	176	0	1/4		1/4	1		5	71	1	1	
175	176	1/8	1/8		1/8	1		1	55	2	1	
175	176	1/4	1/8		1/8	1		1	55	2	1	
175	176	1/4	1/8		1/8	1		3	69	1	1	
175	176	1/4	1/8		1/8	1		0	72	1	1	
176	177	0	1/8		1/8	1		1	55	2	1	
176	177	0	1/8		1/8	1		5	71	1	1	
176	177	0	1/8		1/8	1		2	74	1	1	
176	177	1/8	1/8		1/8	1		1	55	2	1	
176	177	1/4	1/8		1/8	1		1	55	2	1	
176	177	1/4	1/8		1/8	1		5	71	1	1	
176	177	1/4	1/8		1/8	1		2	74	1	1	
177	178	0	1/8		1/8	1		1	55	2	1	
177	178	0	1/4		1/4	1		0	72	1	1	
177	178	0	1/4		1/4	1		4	76	1	1	
177	178	1/8	1/8		1/8	1		1	55	2	1	
177	178	1/4	1/8		1/8	1		1	55	2	1	
177	178	1/4	1/8		1/8	1		5	71	1	1	
177	178	1/4	1/8		1/8	1		2	74	1	1	
178	179	0	1/8		1/8	1		1	55	2	1	
178	179	0	1/4		1/4	1		3	69	1	1	
178	179	0	1/4		1/4	1		0	72	1	1	
178	179	0	0	grace16	1/16	1		2	74	1	1	
178	179	1/8	1/8		1/8	1		1	55	2	1	
178	179	1/4	1/8		1/8	1		1	55	2	1	
178	179	1/4	1/8		1/8	1		1	67	1	1	
178	179	1/4	1/8		1/8	1		5	71	1	1	
179	180	0	3/8		1/4	3/2		5	35	2	1	
179	180	0	3/8		1/4	3/2		5	47	2	1	
179	180	0	1/16		1/16	1		2	62	1	1	
179	180	1/16	1/16		1/16	1		1	67	1	1	
179	180	1/8	1/16		1/16	1		6	66	1	1	
179	180	3/16	1/16		1/16	1		1	67	1	1	
179	180	1/4	1/16		1/16	1		5	71	1	1	
179	180	5/16	1/16		1/16	1		1	67	1	1	
180	181	0	3/8		1/4	3/2		0	36	2	1	
180	181	0	3/8		1/4	3/2		0	48	2	1	
180	181	0	1/16		1/16	1		4	64	1	1	
180	181	1/16	1/16		1/16	1		3	69	1	1	
180	181	1/8	1/16		1/16	1		8	68	1	1	
180	181	3/16	1/16		1/16	1		3	69	1	1	
180	181	1/4	1/16		1/16	1		0	72	1	1	
180	181	5/16	1/16		1/16	1		3	69	1	1	
181	182	0	3/8		1/4	3/2		2	38	2	1	
181	182	0	3/8		1/4	3/2		2	50	2	1	
181	182	0	1/16		1/16	1		6	66	1	1	
181	182	1/16	1/16		1/16	1		5	71	1	1	
181	182	1/8	1/16		1/16	1		10	70	1	1	
181	182	3/16	1/16		1/16	1		5	71	1	1	
181	182	1/4	1/16		1/16	1		2	74	1	1	
181	182	5/16	1/16		1/16	1		5	71	1	1	
182	183	0	3/8		1/4	3/2		4	40	2	1	
182	183	0	3/8		1/4	3/2		4	52	2	1	
182	183	0	1/16		1/16	1		1	67	1	1	
182	183	1/16	1/16		1/16	1		0	72	1	1	
182	183	1/8	1/16		1/16	1		5	71	1	1	
182	183	3/16	1/16		1/16	1		0	72	1	1	
182	183	1/4	1/16		1/16	1		4	76	1	1	
182	183	5/16	1/16		1/16	1		0	72	1	1	
183	184	0	1/16		1/16	1		6	54	2	1	
183	184	0	1/8		1/8	1		2	74	1	1	
183	184	1/16	1/16		1/16	1		2	62	2	1	
183	184	1/8	1/16		1/16	1		7	61	2	1	
183	184	3/16	1/16		1/16	1		2	62	2	1	
183	184	1/4	1/16		1/16	1		6	54	2	1	
183	184	1/4	1/8		1/8	1		3	81	1	1	
183	184	1/4	1/8		1/8	1		0	84	1	1	
183	184	5/16	1/16		1/16	1		2	62	2	1	
184	185	0	1/16		1/16	1		1	55	2	1	
184	185	0	1/8		1/8	1		1	79	1	1	
184	185	0	1/8		1/8	1		5	83	1	1	
184	185	1/16	1/16		1/16	1		2	62	2	1	
184	185	1/8	1/16		1/16	1		7	61	2	1	
184	185	3/16	1/16		1/16	1		2	62	2	1	
184	185	1/4	1/16		1/16	1		1	55	2	1	
184	185	1/4	1/8		1/8	1		5	71	1	1	
184	185	1/4	1/8		1/8	1		2	74	1	1	
184	185	5/16	1/16		1/16	1		2	62	2	1	
185	186	0	1/16		1/16	1		3	57	2	1	
185	186	0	1/8		1/8	1		3	69	1	1	
185	186	0	1/8		1/8	1		0	72	1	1	
185	186	1/16	1/16		1/16	1		2	62	2	1	
185	186	1/8	1/16		1/16	1		7	61	2	1	
185	186	3/16	1/16		1/16	1		2	62	2	1	
185	186	1/4	1/16		1/16	1		3	57	2	1	
185	186	1/4	1/8		1/8	1		0	72	1	1	
185	186	1/4	1/8		1/8	1		6	78	1	1	
185	186	5/16	1/16		1/16	1		2	62	2	1	
186	187	0	1/16		1/16	1		5	59	2	1	
186	187	0	1/8		1/8	1		5	71	1	1	
186	187	0	1/8		1/8	1		1	79	1	1	
186	187	1/16	1/16		1/16	1		2	62	2	1	
186	187	1/8	1/16		1/16	1		7	61	2	1	
186	187	3/16	1/16		1/16	1		2	62	2	1	
186	187	1/4	1/16		1/16	1		5	59	2	1	
186	187	1/4	1/8		1/8	1		1	67	1	1	
186	187	1/4	1/8		1/8	1		5	71	1	1	
186	187	5/16	1/16		1/16	1		2	62	2	1	
187	188	0	1/8		1/8	1		0	60	2	1	
187	188	0	1/8		1/8	1		4	64	2	1	
187	188	0	1/16		1/16	1		3	69	1	1	
187	188	1/16	1/16		1/16	1		8	68	1	1	
187	188	1/8	1/16		1/16	1		5	71	1	1	
187	188	3/16	1/16		1/16	1		3	69	1	1	
187	188	1/4	1/16		1/16	1		0	72	1	1	
187	188	5/16	1/16		1/16	1		5	71	1	1	
188	189	0	1/16		1/16	1		2	74	1	1	
188	189	1/16	1/16		1/16	1		0	72	1	1	
188	189	1/8	1/4		1/4	1	1	4	76	1	1	
188	189	1/4	1/8		1/8	1		0	60	2	1	
188	189	1/4	1/8		1/8	1		1	67	2	1	
189	190	0	1/8		1/8	1		2	62	2	1	
189	190	0	1/8		1/8	1		6	66	2	1	
189	190	0	1/8		1/8	1	-1	4	76	1	1	
189	190	1/8	1/4		1/4	1	1	0	72	1	1	
189	190	1/4	1/8		1/8	1		2	62	2	1	
189	190	1/4	1/8		1/8	1		6	66	2	1	
190	191	0	1/8		1/8	1		4	64	2	1	
190	191	0	1/8		1/8	1		1	67	2	1	
190	191	0	1/8		1/8	1	-1	0	72	1	1	
190	191	1/8	1/4		1/4	1	1	5	71	1	1	
190	191	1/4	1/8		1/8	1		4	64	2	1	
190	191	1/4	1/8		1/8	1		1	67	2	1	
191	192	0	1/8		1/8	1		0	60	2	1	
191	192	0	1/8		1/8	1		4	64	2	1	
191	192	0	1/8		1/8	1	-1	5	71	1	1	
191	192	1/8	1/4		1/4	1	1	3	69	1	1	
191	192	1/4	1/8		1/8	1		0	48	2	1	
191	192	1/4	1/8		1/8	1		0	60	2	1	
192	193	0	1/8		1/8	1		2	50	2	1	
192	193	0	1/8		1/8	1		5	59	2	1	
192	193	0	1/8		1/8	1	-1	3	69	1	1	
192	193	1/8	1/4		1/4	1	1	1	67	1	1	
192	193	1/4	1/8		1/8	1		2	50	2	1	
192	193	1/4	1/8		1/8	1		5	59	2	1	
193	194	0	1/8		1/8	1		2	50	2	1	
193	194	0	1/8		1/8	1		3	57	2	1	
193	194	0	1/8		1/8	1	-1	1	67	1	1	
193	194	1/8	1/4		1/4	1	1	6	66	1	1	
193	194	1/4	1/8		1/8	1		2	50	2	1	
193	194	1/4	1/8		1/8	1		3	57	2	1	
194	195	0	1/8		1/8	1		1	55	2	1	
194	195	0	1/8		1/8	1		5	59	2	1	
194	195	0	1/8		1/8	1	-1	6	66	1	1	
194	195	1/8	1/8		1/8	1		1	67	1	1	
194	195	1/4	1/8		1/8	1		3	69	1	1	
195	196	0	1/16		1/16	1		1	43	2	1	
195	196	0	3/8		1/4	3/2		2	62	1	1	
195	196	0	3/8		1/4	3/2		-1	65	1	1	
195	196	0	3/8		1/4	3/2		5	71	1	1	
195	196	1/16	1/16		1/16	1		1	55	2	1	
195	196	1/8	1/16		1/16	1		6	54	2	1	
195	196	3/16	1/16		1/16	1		1	55	2	1	
195	196	1/4	1/16		1/16	1		3	57	2	1	
195	196	5/16	1/16		1/16	1		1	55	2	1	
196	197	0	1/8		1/8	1		1	43	2	1	
196	197	0	1/16		1/16	1		4	64	1	1	
196	197	1/16	1/16		1/16	1		1	67	1	1	
196	197	1/8	1/16		1/16	1		0	72	1	1	
196	197	3/16	1/16		1/16	1		1	67	1	1	
196	197	1/4	1/16		1/16	1		4	76	1	1	
196	197	5/16	1/16		1/16	1		0	72	1	1	
197	198	0	1/16		1/16	1		1	43	2	1	
197	198	0	3/8		1/4	3/2		3	69	1	1	
197	198	0	3/8		1/4	3/2		0	72	1	1	
197	198	0	3/8		1/4	3/2		6	78	1	1	
197	198	1/16	1/16		1/16	1		1	55	2	1	
197	198	1/8	1/16		1/16	1		6	54	2	1	
197	198	3/16	1/16		1/16	1		1	55	2	1	
197	198	1/4	1/16		1/16	1		3	57	2	1	
197	198	5/16	1/16		1/16	1		1	55	2	1	
198	199	0	1/8		1/8	1		1	43	2	1	
198	199	0	1/16		1/16	1		1	79	1	1	
198	199	1/16	1/16		1/16	1		5	83	1	1	
198	199	1/8	1/16		1/16	1		1	79	1	1	
198	199	3/16	1/16		1/16	1		2	74	1	1	
198	199	1/4	1/16		1/16	1		5	71	1	1	
198	199	5/16	1/16		1/16	1		1	67	1	1	
199	200	0	1/16		1/16	1		1	43	2	1	
199	200	0	3/8		1/4	3/2		2	62	1	1	
199	200	0	3/8		1/4	3/2		-1	65	1	1	
199	200	0	3/8		1/4	3/2		5	71	1	1	
199	200	1/16	1/16		1/16	1		1	55	2	1	
199	200	1/8	1/16		1/16	1		6	54	2	1	
199	200	3/16	1/16		1/16	1		1	55	2	1	
199	200	1/4	1/16		1/16	1		3	57	2	1	
199	200	5/16	1/16		1/16	1		1	55	2	1	
200	201	0	1/8		1/8	1		1	43	2	1	
200	201	0	1/16		1/16	1		4	64	1	1	
200	201	1/16	1/16		1/16	1		1	67	1	1	
200	201	1/8	1/16		1/16	1		0	72	1	1	
200	201	3/16	1/16		1/16	1		1	67	1	1	
200	201	1/4	1/16		1/16	1		4	76	1	1	
200	201	5/16	1/16		1/16	1		0	72	1	1	
201	202	0	1/16		1/16	1		1	43	2	1	
201	202	0	3/8		1/4	3/2		3	69	1	1	
201	202	0	3/8		1/4	3/2		0	72	1	1	
201	202	0	3/8		1/4	3/2		6	78	1	1	
201	202	1/16	1/16		1/16	1		1	55	2	1	
201	202	1/8	1/16		1/16	1		6	54	2	1	
201	202	3/16	1/16		1/16	1		1	55	2	1	
201	202	1/4	1/16		1/16	1		3	57	2	1	
201	202	5/16	1/16		1/16	1		1	55	2	1	
202	203	0	1/8		1/8	1		1	43	2	1	
202	203	0	1/16		1/16	1		1	79	1	1	
202	203	1/16	1/16		1/16	1		3	81	1	1	
202	203	1/8	1/16		1/16	1		5	83	1	1	
202	203	3/16	1/16		1/16	1		1	79	1	1	
202	203	1/4	1/16		1/16	1		6	78	1	1	
202	203	5/16	1/16		1/16	1		9	75	1	1	
203	204	0	1/16		1/16	1		0	60	2	1	
203	204	0	1/4		1/4	1		4	76	1	1	
203	204	1/16	1/16		1/16	1		1	67	2	1	
203	204	1/8	1/16		1/16	1		6	66	2	1	
203	204	3/16	1/16		1/16	1		1	67	2	1	
203	204	1/4	1/16		1/16	1		2	62	2	1	
203	204	1/4	1/8		1/8	1		2	74	1	1	
203	204	5/16	1/16		1/16	1		1	67	2	1	
204	205	0	1/16		1/16	1		4	64	2	1	
204	205	0	1/4		1/4	1		0	72	1	1	
204	205	0	0	grace16	1/16	1		2	74	1	1	
204	205	1/16	1/16		1/16	1		1	67	2	1	
204	205	1/8	1/16		1/16	1		6	66	2	1	
204	205	3/16	1/16		1/16	1		1	67	2	1	
204	205	1/4	1/16		1/16	1		2	62	2	1	
204	205	1/4	1/8		1/8	1		5	71	1	1	
204	205	5/16	1/16		1/16	1		1	67	2	1	
205	206	0	1/16		1/16	1		0	60	2	1	
205	206	0	1/8		1/8	1		5	71	1	1	
205	206	1/16	1/16		1/16	1		1	67	2	1	
205	206	1/8	1/16		1/16	1		6	66	2	1	
205	206	1/8	1/8		1/8	1		3	69	1	1	
205	206	3/16	1/16		1/16	1		1	67	2	1	
205	206	1/4	1/16		1/16	1		2	62	2	1	
205	206	1/4	1/8		1/8	1		5	71	1	1	
205	206	5/16	1/16		1/16	1		1	67	2	1	
206	207	0	1/16		1/16	1		4	64	2	1	
206	207	0	1/4		1/4	1		0	72	1	1	
206	207	0	0	grace16	1/16	1		2	74	1	1	
206	207	1/16	1/16		1/16	1		1	67	2	1	
206	207	1/8	1/16		1/16	1		6	66	2	1	
206	207	3/16	1/16		1/16	1		1	67	2	1	
206	207	1/4	1/16		1/16	1		2	62	2	1	
206	207	1/4	1/8		1/8	1		5	71	1	1	
206	207	5/16	1/16		1/16	1		1	67	2	1	
207	208	0	1/16		1/16	1		0	60	2	1	
207	208	0	1/8		1/8	1		5	71	1	1	
207	208	1/16	1/16		1/16	1		1	67	2	1	
207	208	1/8	1/16		1/16	1		6	66	2	1	
207	208	1/8	1/8		1/8	1		3	69	1	1	
207	208	3/16	1/16		1/16	1		1	67	2	1	
207	208	1/4	1/16		1/16	1		2	62	2	1	
207	208	1/4	1/8		1/8	1		5	71	1	1	
207	208	5/16	1/16		1/16	1		1	67	2	1	
208	209	0	1/16		1/16	1		4	64	2	1	
208	209	0	1/4		1/4	1		0	72	1	1	
208	209	0	0	grace16	1/16	1		2	74	1	1	
208	209	1/16	1/16		1/16	1		1	67	2	1	
208	209	1/8	1/16		1/16	1		6	66	2	1	
208	209	3/16	1/16		1/16	1		1	67	2	1	
208	209	1/4	1/16		1/16	1		7	61	2	1	
208	209	1/4	1/8		1/8	1		5	71	1	1	
208	209	5/16	1/16		1/16	1		1	67	2	1	
209	210	0	1/8		1/8	1		2	62	2	1	
209	210	0	1/8		1/8	1		6	66	2	1	
209	210	0	1/8		1/8	1		3	69	1	1	
209	210	1/8	1/8		1/8	1		3	57	2	1	
209	210	1/8	1/8		1/8	1		6	78	1	1	
209	210	1/8	1/8		1/8	1		3	81	1	1	
209	210	1/8	1/8		1/8	1		2	86	1	1	
209	210	1/4	1/8		1/8	1		6	54	2	1	
209	210	1/4	1/8		1/8	1		6	78	1	1	
209	210	1/4	1/8		1/8	1		3	81	1	1	
209	210	1/4	1/8		1/8	1		2	86	1	1	
210	211	0	1/8		1/8	1		2	50	2	1	
210	211	0	1/8		1/8	1		6	78	1	1	
210	211	0	1/8		1/8	1		3	81	1	1	
210	211	0	1/8		1/8	1		2	86	1	1	
211	212	0	1/8		1/8	1		2	86	1	1	
211	212	1/8	1/8		1/8	1		7	85	1	1	
211	212	1/4	1/8		1/8	1		4	88	1	1	
212	213	0	1/8		1/8	1		2	86	1	1	
212	213	1/8	1/8		1/8	1		7	85	1	1	
212	213	1/4	1/8		1/8	1		4	88	1	1	
213	214	0	3/8		1/4	3/2	1	2	62	2	2	
213	214	0	1/8		1/8	1		5	71	2	1	
213	214	0	1/8		1/8	1		1	79	1	2	
213	214	0	3/8		1/4	3/2	1	2	86	1	1	
213	214	1/8	1/8		1/8	1		3	69	2	1	
213	214	1/8	1/8		1/8	1		6	78	1	2	
213	214	1/4	1/8		1/8	1		0	72	2	1	
213	214	1/4	1/8		1/8	1		3	81	1	2	
214	215	0	3/8		1/4	3/2	0	2	62	2	2	
214	215	0	1/8		1/8	1		5	71	2	1	
214	215	0	1/8		1/8	1		1	79	1	2	
214	215	0	3/8		1/4	3/2	0	2	86	1	1	
214	215	1/8	1/8		1/8	1		3	69	2	1	
214	215	1/8	1/8		1/8	1		6	78	1	2	
214	215	1/4	1/8		1/8	1		0	72	2	1	
214	215	1/4	1/8		1/8	1		3	81	1	2	
215	216	0	1/8		1/8	1	-1	2	62	2	2	
215	216	0	1/8		1/8	1		5	71	2	1	
215	216	0	1/8		1/8	1		1	79	1	2	
215	216	0	1/8		1/8	1	-1	2	86	1	1	
215	216	1/8	1/8		1/8	1		2	62	2	1	
215	216	1/4	1/8		1/8	1		1	67	2	1	
215	216	1/4	1/16		1/16	1		5	83	1	1	
215	216	5/16	1/16		1/16	1		1	79	1	1	
216	217	0	1/8		1/8	1		6	66	2	2	
216	217	0	1/8		1/8	1		0	84	1	1	
216	217	1/8	1/8		1/8	1		2	62	2	2	
216	217	1/4	1/8		1/8	1		0	72	2	2	
216	217	1/4	1/16		1/16	1		3	81	1	1	
216	217	5/16	1/16		1/16	1		6	78	1	1	
217	218	0	1/8		1/8	1		5	71	2	2	
217	218	0	1/8		1/8	1		1	79	1	1	
217	218	1/8	1/8		1/8	1		2	62	2	2	
217	218	1/4	1/8		1/8	1		1	67	2	2	
217	218	1/4	1/16		1/16	1		2	74	1	1	
217	218	5/16	1/16		1/16	1		5	83	1	1	
218	219	0	1/8		1/8	1		6	66	2	2	
218	219	0	1/8		1/8	1		3	81	1	1	
218	219	1/8	1/16		1/16	1		3	81	1	1	
218	219	3/16	1/16		1/16	1		0	84	1	1	
218	219	1/4	1/16		1/16	1		5	83	1	1	
218	219	5/16	1/16		1/16	1		2	86	1	1	
219	220	0	1/8		1/8	1		0	84	1	1	
219	220	1/8	1/8		1/8	1		5	83	1	1	
219	220	1/4	1/8		1/8	1		2	86	1	1	
220	221	0	1/8		1/8	1		0	84	1	1	
220	221	1/8	1/8		1/8	1		5	83	1	1	
220	221	1/4	1/8		1/8	1		2	86	1	1	
221	222	0	3/8		1/4	3/2	1	2	62	2	2	
221	222	0	1/8		1/8	1		3	69	2	1	
221	222	0	1/8		1/8	1		6	78	1	2	
221	222	0	3/8		1/4	3/2	1	0	84	1	1	
221	222	1/8	1/8		1/8	1		1	67	2	1	
221	222	1/8	1/8		1/8	1		4	76	1	2	
221	222	1/4	1/8		1/8	1		5	71	2	1	
221	222	1/4	1/8		1/8	1		1	79	1	2	
222	223	0	3/8		1/4	3/2	0	2	62	2	2	
222	223	0	1/8		1/8	1		3	69	2	1	
222	223	0	1/8		1/8	1		6	78	1	2	
222	223	0	3/8		1/4	3/2	0	0	84	1	1	
222	223	1/8	1/8		1/8	1		1	67	2	1	
222	223	1/8	1/8		1/8	1		4	76	1	2	
222	223	1/4	1/8		1/8	1		5	71	2	1	
222	223	1/4	1/8		1/8	1		1	79	1	2	
223	224	0	1/8		1/8	1	-1	2	62	2	2	
223	224	0	1/8		1/8	1		3	69	2	1	
223	224	0	1/8		1/8	1		6	78	1	2	
223	224	0	1/8		1/8	1	-1	0	84	1	1	
223	224	1/8	1/8		1/8	1		2	62	2	1	
223	224	1/4	1/8		1/8	1		0	72	2	1	
223	224	1/4	1/16		1/16	1		3	81	1	1	
223	224	5/16	1/16		1/16	1		6	78	1	1	
224	225	0	1/8		1/8	1		5	71	2	2	
224	225	0	1/8		1/8	1		1	79	1	1	
224	225	1/8	1/8		1/8	1		2	62	2	2	
224	225	1/4	1/8		1/8	1		1	67	2	2	
224	225	1/4	1/16		1/16	1		2	74	1	1	
224	225	5/16	1/16		1/16	1		5	83	1	1	
225	226	0	1/8		1/8	1		6	66	2	2	
225	226	0	1/8		1/8	1		3	81	1	1	
225	226	1/8	1/8		1/8	1		2	62	2	2	
225	226	1/4	1/8		1/8	1		6	66	2	2	
225	226	1/4	1/16		1/16	1		2	74	1	1	
225	226	5/16	1/16		1/16	1		0	84	1	1	
226	227	0	1/8		1/8	1		1	67	2	2	
226	227	0	1/8		1/8	1		5	83	1	1	
226	227	1/8	1/8		1/8	1		1	79	1	2	
226	227	1/8	1/16		1/16	1		5	83	1	1	
226	227	3/16	1/16		1/16	1		2	86	1	1	
226	227	1/4	1/8		1/8	1		3	81	1	2	
226	227	1/4	1/16		1/16	1		0	84	1	1	
226	227	5/16	1/16		1/16	1		4	88	1	1	
227	228	0	1/8		1/8	1		1	55	2	1	
227	228	0	1/8		1/8	1		1	67	2	1	
227	228	0	1/8		1/8	1		5	83	1	2	
227	228	0	1/8		1/8	1		2	86	1	1	
227	228	1/8	1/8		1/8	1		6	54	2	1	
227	228	1/8	1/8		1/8	1		6	66	2	1	
227	228	1/4	1/8		1/8	1		3	57	2	1	
227	228	1/4	1/8		1/8	1		3	69	2	1	
228	229	0	1/8		1/8	1		1	55	2	1	
228	229	0	1/8		1/8	1		1	67	2	1	
228	229	1/8	1/8		1/8	1		4	52	2	2	
228	229	1/8	1/16		1/16	1		1	55	2	1	
228	229	3/16	1/16		1/16	1		5	59	2	1	
228	229	1/4	1/8		1/8	1		6	54	2	2	
228	229	1/4	1/16		1/16	1		3	57	2	1	
228	229	5/16	1/16		1/16	1		0	60	2	1	
229	230	0	1/8		1/8	1		1	55	2	2	
229	230	0	1/8		1/8	1		5	59	2	1	
229	230	0	1/8		1/8	1		4	64	1	2	
229	230	0	1/8		1/8	1		4	76	1	2	
229	230	1/8	1/8		1/8	1		9	63	1	2	
229	230	1/8	1/8		1/8	1		9	75	1	2	
229	230	1/4	1/8		1/8	1		6	66	1	2	
229	230	1/4	1/8		1/8	1		6	78	1	2	
230	231	0	1/8		1/8	1		4	64	1	2	
230	231	0	1/8		1/8	1		4	76	1	2	
230	231	1/8	1/8		1/8	1		0	60	1	2	
230	231	1/8	1/16		1/16	1		4	64	1	1	
230	231	3/16	1/16		1/16	1		1	67	1	1	
230	231	1/4	1/8		1/8	1		2	62	1	2	
230	231	1/4	1/16		1/16	1		-1	65	1	1	
230	231	5/16	1/16		1/16	1		3	69	1	1	
231	232	0	1/8		1/8	1		0	36	2	2	
231	232	0	1/8		1/8	1		0	48	2	2	
231	232	0	1/8		1/8	1		4	64	1	2	
231	232	0	1/8		1/8	1		1	67	1	1	
231	232	1/8	1/8		1/8	1		5	35	2	2	
231	232	1/8	1/8		1/8	1		5	47	2	2	
231	232	1/4	1/8		1/8	1		2	38	2	2	
231	232	1/4	1/8		1/8	1		2	50	2	2	
232	233	0	1/8		1/8	1		0	36	2	2	
232	233	0	1/8		1/8	1		0	48	2	2	
232	233	1/8	1/8		1/8	1		3	57	2	2	
232	233	1/8	1/16		1/16	1		0	60	2	1	
232	233	3/16	1/16		1/16	1		4	64	2	1	
232	233	1/4	1/8		1/8	1		5	59	2	2	
232	233	1/4	1/16		1/16	1		2	62	2	1	
232	233	5/16	1/16		1/16	1		-1	65	2	1	
233	234	0	1/8		1/8	1		0	60	2	2	
233	234	0	1/8		1/8	1		4	64	2	1	
233	234	0	1/8		1/8	1		3	69	1	1	
233	234	0	1/8		1/8	1		3	81	1	1	
233	234	1/8	1/8		1/8	1		8	68	1	1	
233	234	1/8	1/8		1/8	1		8	80	1	1	
233	234	1/4	1/8		1/8	1		5	71	1	1	
233	234	1/4	1/8		1/8	1		5	83	1	1	
234	235	0	1/8		1/8	1		3	69	1	1	
234	235	0	1/8		1/8	1		3	81	1	1	
234	235	1/8	1/16		1/16	1		3	81	1	1	
234	235	3/16	1/16		1/16	1		8	80	1	1	
234	235	1/4	1/16		1/16	1		5	83	1	1	
234	235	5/16	1/16		1/16	1		3	81	1	1	
235	236	0	1/16		1/16	1		0	84	1	1	
235	236	1/16	1/16		1/16	1		3	81	1	1	
235	236	1/8	1/16		1/16	1		6	78	1	1	
235	236	3/16	1/16		1/16	1		-3	75	1	1	
235	236	1/4	1/8		1/8	1		6	66	2	1	
235	236	1/4	1/8		1/8	1		3	69	2	1	
235	236	1/4	1/8		1/8	1		0	72	2	1	
235	236	1/4	1/8		1/8	1		2	74	1	1	
236	237	0	1/16		1/16	1		0	84	1	1	
236	237	1/16	1/16		1/16	1		3	81	1	1	
236	237	1/8	1/16		1/16	1		6	78	1	1	
236	237	3/16	1/16		1/16	1		-3	75	1	1	
236	237	1/4	1/8		1/8	1		6	66	2	1	
236	237	1/4	1/8		1/8	1		3	69	2	1	
236	237	1/4	1/8		1/8	1		0	72	2	1	
236	237	1/4	1/8		1/8	1		2	74	1	1	
237	238	0	1/16		1/16	1		0	84	1	1	
237	238	1/16	1/16		1/16	1		3	81	1	1	
237	238	1/8	1/16		1/16	1		6	78	1	1	
237	238	3/16	1/16		1/16	1		-3	75	1	1	
237	238	1/4	1/8		1/8	1		6	66	2	1	
237	238	1/4	1/8		1/8	1		3	69	2	1	
237	238	1/4	1/8		1/8	1		0	72	2	1	
237	238	1/4	1/8		1/8	1		2	74	1	1	
238	239	0	1/16		1/16	1		0	84	1	1	
238	239	1/16	1/16		1/16	1		3	81	1	1	
238	239	1/8	1/16		1/16	1		6	78	1	1	
238	239	3/16	1/16		1/16	1		-3	75	1	1	
238	239	1/4	1/8		1/8	1		6	66	2	1	
238	239	1/4	1/8		1/8	1		3	69	2	1	
238	239	1/4	1/8		1/8	1		0	72	2	1	
238	239	1/4	1/8		1/8	1		2	74	1	1	
239	240	0	1/16		1/16	1		1	43	2	1	
239	240	1/16	1/16		1/16	1		5	47	2	1	
239	240	1/8	1/16		1/16	1		2	50	2	1	
239	240	3/16	1/16		1/16	1		1	55	2	1	
239	240	1/4	1/8		1/8	1		5	59	2	1	
239	240	1/4	1/8		1/8	1		1	67	1	1	
239	240	1/4	1/8		1/8	1		5	71	1	1	
239	240	1/4	1/8		1/8	1		2	74	1	1	
240	241	0	1/16		1/16	1		0	48	2	1	
240	241	1/16	1/16		1/16	1		4	52	2	1	
240	241	1/8	1/16		1/16	1		1	55	2	1	
240	241	3/16	1/16		1/16	1		0	60	2	1	
240	241	1/4	1/8		1/8	1		4	64	2	1	
240	241	1/4	1/8		1/8	1		1	67	1	1	
240	241	1/4	1/8		1/8	1		0	72	1	1	
240	241	1/4	1/8		1/8	1		1	79	1	1	
241	242	0	1/16		1/16	1		2	62	2	1	
241	242	0	3/8		1/4	3/2		2	74	1	1	
241	242	1/16	1/16		1/16	1		5	71	2	1	
241	242	1/8	1/16		1/16	1		1	67	2	1	
241	242	3/16	1/16		1/16	1		5	71	2	1	
241	242	1/4	1/16		1/16	1		2	62	2	1	
241	242	5/16	1/16		1/16	1		5	71	2	1	
242	243	0	1/16		1/16	1		2	62	2	1	
242	243	0	3/8		1/4	3/2		3	81	1	1	
242	243	1/16	1/16		1/16	1		0	72	2	1	
242	243	1/8	1/16		1/16	1		6	66	2	1	
242	243	3/16	1/16		1/16	1		0	72	2	1	
242	243	1/4	1/16		1/16	1		2	62	2	1	
242	243	5/16	1/16		1/16	1		0	72	2	1	
243	244	0	1/8		1/8	1		1	67	2	1	
243	244	0	1/8		1/8	1		5	71	2	1	
243	244	0	1/8		1/8	1		1	79	1	1	
243	244	1/4	1/8		1/8	1		2	86	1	1	
244	245	0	1/8		1/8	1		0	84	1	1	
244	245	1/8	1/8		1/8	1		5	83	1	1	
244	245	1/4	1/8		1/8	1		9	63	2	1	
244	245	1/4	1/8		1/8	1		3	69	2	1	
244	245	1/4	1/8		1/8	1		5	83	1	1	
245	246	0	1/8		1/8	1		4	64	2	1	
245	246	0	1/8		1/8	1		1	67	2	1	
245	246	0	1/8		1/8	1		5	83	1	1	
245	246	1/4	1/8		1/8	1		5	83	1	1	
246	247	0	1/8		1/8	1		-1	89	1	1	
246	247	1/8	1/8		1/8	1		4	88	1	1	
246	247	1/4	1/8		1/8	1		8	68	2	1	
246	247	1/4	1/8		1/8	1		2	74	2	1	
246	247	1/4	1/8		1/8	1		4	88	1	1	
247	248	0	1/4		1/4	1		4	88	1	1	
247	248	1/8	1/8		1/8	1		1	67	2	2	
247	248	1/8	1/8		1/8	1		7	73	2	1	
247	248	1/4	1/8		1/8	1		6	66	2	2	
247	248	1/4	1/8		1/8	1		0	72	2	1	
247	248	1/4	1/8		1/8	1		3	81	1	1	
248	249	0	1/4		1/4	1		2	86	1	1	
248	249	1/8	1/8		1/8	1		-1	65	2	2	
248	249	1/8	1/8		1/8	1		5	71	2	1	
248	249	1/4	1/8		1/8	1		4	64	2	2	
248	249	1/4	1/8		1/8	1		0	72	2	1	
248	249	1/4	1/8		1/8	1		1	79	1	1	
249	250	0	1/8		1/8	1		2	62	2	2	
249	250	0	1/8		1/8	1		6	66	2	2	
249	250	0	1/8		1/8	1		0	84	1	1	
249	250	1/4	1/8		1/8	1		4	64	2	2	
249	250	1/4	1/8		1/8	1		1	67	2	2	
249	250	1/4	1/8		1/8	1		5	83	1	1	
250	251	0	1/8		1/8	1		0	60	2	2	
250	251	0	1/4		1/4	1		1	67	2	1	
250	251	0	3/8		1/4	3/2		3	81	1	1	
250	251	1/8	1/8		1/8	1		3	57	2	2	
250	251	1/4	1/8		1/8	1		2	62	2	2	
250	251	1/4	1/8		1/8	1		6	66	2	1	
251	252	0	1/8		1/8	1		1	67	2	2	
251	252	0	1/8		1/8	1		1	79	1	1	
251	252	1/8	1/8		1/8	1		1	55	2	2	
251	252	1/4	1/8		1/8	1		2	62	2	2	
252	253	0	1/8		1/8	1		0	60	2	2	
252	253	1/8	1/8		1/8	1		5	59	2	2	
252	253	1/4	1/8		1/8	1		5	59	2	2	
252	253	1/4	1/8		1/8	1		10	70	1	1	
252	253	1/4	1/8		1/8	1		4	76	1	1	
253	254	0	1/8		1/8	1		5	59	2	2	
253	254	0	1/8		1/8	1		5	71	1	1	
253	254	0	1/8		1/8	1		9	75	1	1	
253	254	1/4	1/8		1/8	1		5	59	2	2	
254	255	0	1/8		1/8	1		-1	65	2	2	
254	255	1/8	1/8		1/8	1		4	64	2	2	
254	255	1/4	1/8		1/8	1		4	64	2	2	
254	255	1/4	1/8		1/8	1		3	69	1	1	
254	255	1/4	1/8		1/8	1		9	75	1	1	
255	256	0	1/4		1/4	1		4	64	2	2	
255	256	1/8	1/8		1/8	1		8	68	1	2	
255	256	1/8	1/8		1/8	1		2	74	1	1	
255	256	1/4	1/8		1/8	1		3	57	2	2	
255	256	1/4	1/8		1/8	1		1	67	1	2	
255	256	1/4	1/8		1/8	1		7	73	1	1	
256	257	0	1/4		1/4	1		2	62	2	1	
256	257	1/8	1/8		1/8	1		6	66	1	2	
256	257	1/8	1/8		1/8	1		0	72	1	1	
256	257	1/4	1/8		1/8	1		1	55	2	1	
256	257	1/4	1/8		1/8	1		1	67	1	2	
256	257	1/4	1/8		1/8	1		5	71	1	1	
257	258	0	1/8		1/8	1		0	60	2	1	
257	258	0	1/8		1/8	1		1	67	1	1	
257	258	0	1/8		1/8	1		4	76	1	1	
258	259	0	1/8		1/8	1		2	62	2	1	
258	259	0	1/8		1/8	1		6	66	1	1	
258	259	0	1/8		1/8	1		0	72	1	1	
259	260	0	1/16		1/16	1		5	71	1	1	
259	260	1/16	1/16		1/16	1		2	74	1	1	
259	260	1/8	1/16		1/16	1		1	79	1	1	
259	260	3/16	1/16		1/16	1		5	83	1	1	
259	260	1/4	1/8		1/8	1		5	59	2	1	
259	260	1/4	1/8		1/8	1		2	62	2	1	
259	260	1/4	1/8		1/8	1		1	67	2	1	
259	260	1/4	1/8		1/8	1		2	86	1	1	
260	261	0	1/16		1/16	1		0	72	1	1	
260	261	1/16	1/16		1/16	1		4	76	1	1	
260	261	1/8	1/16		1/16	1		1	79	1	1	
260	261	3/16	1/16		1/16	1		0	84	1	1	
260	261	1/4	1/8		1/8	1		0	60	2	1	
260	261	1/4	1/8		1/8	1		4	64	2	1	
260	261	1/4	1/8		1/8	1		1	67	2	1	
260	261	1/4	1/8		1/8	1		4	88	1	1	
261	262	0	1/16		1/16	1		1	43	2	1	
261	262	1/16	1/16		1/16	1		5	47	2	1	
261	262	1/8	1/16		1/16	1		2	50	2	1	
261	262	3/16	1/16		1/16	1		1	55	2	1	
261	262	1/4	1/8		1/8	1		5	59	2	1	
261	262	1/4	1/8		1/8	1		2	74	1	1	
261	262	1/4	1/8		1/8	1		1	79	1	1	
261	262	1/4	1/8		1/8	1		2	86	1	1	
262	263	0	1/16		1/16	1		0	48	2	1	
262	263	1/16	1/16		1/16	1		4	52	2	1	
262	263	1/8	1/16		1/16	1		1	55	2	1	
262	263	3/16	1/16		1/16	1		0	60	2	1	
262	263	1/4	1/8		1/8	1		4	64	2	1	
262	263	1/4	1/8		1/8	1		0	72	1	1	
262	263	1/4	1/8		1/8	1		4	76	1	1	
262	263	1/4	1/8		1/8	1		1	79	1	1	
262	263	1/4	1/8		1/8	1		0	84	1	1	
263	264	0	1/4		1/4	1		2	38	2	1	
263	264	0	1/4		1/4	1		2	50	2	1	
263	264	0	1/8		1/8	1		5	71	1	2	
263	264	0	1/16		1/16	1		2	74	1	1	
263	264	0	1/16		1/16	1		1	79	1	1	
263	264	1/16	1/16		1/16	1		5	83	1	1	
263	264	1/8	1/8		1/8	1		5	71	1	2	
263	264	1/8	1/16		1/16	1		2	74	1	1	
263	264	1/8	1/16		1/16	1		1	79	1	1	
263	264	3/16	1/16		1/16	1		5	83	1	1	
263	264	1/4	1/8		1/8	1		1	43	2	1	
263	264	1/4	1/8		1/8	1		1	55	2	1	
263	264	1/4	1/8		1/8	1		5	71	1	2	
263	264	1/4	1/16		1/16	1		2	74	1	1	
263	264	1/4	1/16		1/16	1		1	79	1	1	
263	264	5/16	1/16		1/16	1		5	83	1	1	
264	265	0	1/4		1/4	1		5	47	2	1	
264	265	0	1/4		1/4	1		5	59	2	1	
264	265	0	1/8		1/8	1		5	71	1	2	
264	265	0	1/16		1/16	1		2	74	1	1	
264	265	0	1/16		1/16	1		1	79	1	1	
264	265	1/16	1/16		1/16	1		5	83	1	1	
264	265	1/8	1/8		1/8	1		5	71	1	2	
264	265	1/8	1/16		1/16	1		2	74	1	1	
264	265	1/8	1/16		1/16	1		1	79	1	1	
264	265	3/16	1/16		1/16	1		5	83	1	1	
264	265	1/4	1/8		1/8	1		2	50	2	1	
264	265	1/4	1/8		1/8	1		2	62	2	1	
264	265	1/4	1/8		1/8	1		5	71	1	2	
264	265	1/4	1/16		1/16	1		2	74	1	1	
264	265	1/4	1/16		1/16	1		1	79	1	1	
264	265	5/16	1/16		1/16	1		5	83	1	1	
265	266	0	1/8		1/8	1		0	48	2	1	
265	266	0	1/8		1/8	1		0	60	2	1	
265	266	0	1/8		1/8	1		3	69	1	2	
265	266	0	1/16		1/16	1		2	74	1	1	
265	266	0	1/16		1/16	1		6	78	1	1	
265	266	1/16	1/16		1/16	1		3	81	1	1	
265	266	1/8	1/8		1/8	1		0	48	2	1	
265	266	1/8	1/8		1/8	1		0	60	2	1	
265	266	1/8	1/8		1/8	1		3	69	1	2	
265	266	1/8	1/16		1/16	1		2	74	1	1	
265	266	1/8	1/16		1/16	1		6	78	1	1	
265	266	3/16	1/16		1/16	1		3	81	1	1	
265	266	1/4	1/8		1/8	1		3	45	2	1	
265	266	1/4	1/8		1/8	1		3	57	2	1	
265	266	1/4	1/8		1/8	1		3	69	1	2	
265	266	1/4	1/16		1/16	1		2	74	1	1	
265	266	1/4	1/16		1/16	1		6	78	1	1	
265	266	5/16	1/16		1/16	1		3	81	1	1	
266	267	0	1/8		1/8	1		6	42	2	1	
266	267	0	1/8		1/8	1		6	54	2	1	
266	267	0	1/8		1/8	1		3	69	1	2	
266	267	0	1/16		1/16	1		2	74	1	1	
266	267	0	1/16		1/16	1		6	78	1	1	
266	267	1/16	1/16		1/16	1		3	81	1	1	
266	267	1/8	1/8		1/8	1		6	42	2	1	
266	267	1/8	1/8		1/8	1		6	54	2	1	
266	267	1/8	1/8		1/8	1		3	69	1	2	
266	267	1/8	1/16		1/16	1		2	74	1	1	
266	267	1/8	1/16		1/16	1		6	78	1	1	
266	267	3/16	1/16		1/16	1		3	81	1	1	
266	267	1/4	1/8		1/8	1		2	38	2	1	
266	267	1/4	1/8		1/8	1		2	50	2	1	
266	267	1/4	1/8		1/8	1		3	69	1	2	
266	267	1/4	1/16		1/16	1		2	74	1	1	
266	267	1/4	1/16		1/16	1		6	78	1	1	
266	267	5/16	1/16		1/16	1		3	81	1	1	
267	268	0	1/8		1/8	1		1	43	2	1	
267	268	0	1/8		1/8	1		1	55	2	1	
267	268	0	1/8		1/8	1		5	71	1	2	
267	268	0	1/8		1/8	1		2	74	1	1	
267	268	0	1/8		1/8	1		1	79	1	1	
267	268	1/4	1/8		1/8	1		5	59	2	1	
267	268	1/4	1/8		1/8	1		5	71	1	1	
268	269	0	1/8		1/8	1		0	60	2	1	
268	269	0	1/8		1/8	1		0	72	1	1	
268	269	1/8	1/8		1/8	1		7	61	2	1	
268	269	1/8	1/8		1/8	1		7	73	1	1	
268	269	1/4	1/8		1/8	1		2	62	2	1	
268	269	1/4	1/8		1/8	1		2	74	1	1	
269	270	0	1/8		1/8	1		9	63	2	1	
269	270	0	1/8		1/8	1		9	75	1	1	
269	270	1/8	1/8		1/8	1		4	64	2	1	
269	270	1/8	1/8		1/8	1		4	76	1	1	
269	270	1/4	1/8		1/8	1		7	61	2	1	
269	270	1/4	1/8		1/8	1		7	73	1	1	
270	271	0	1/8		1/8	1		2	62	2	1	
270	271	0	1/8		1/8	1		2	74	1	1	
270	271	1/4	1/8		1/8	1		2	62	2	1	
270	271	1/4	1/8		1/8	1		2	74	1	1	
271	272	0	1/8		1/8	1		1	55	2	1	
271	272	0	1/8		1/8	1		1	67	1	1	
271	272	1/4	1/8		1/8	1		2	38	2	1	
271	272	1/4	1/8		1/8	1		2	50	2	1	
271	272	1/4	1/8		1/8	1		2	74	1	1	
271	272	1/4	1/8		1/8	1		6	78	1	1	
271	272	1/4	1/8		1/8	1		3	81	1	1	
271	272	1/4	1/8		1/8	1		0	84	1	1	
272	273	0	1/8		1/8	1		1	31	2	1	
272	273	0	1/8		1/8	1		1	43	2	1	
272	273	0	1/8		1/8	1		2	74	1	1	
272	273	0	1/8		1/8	1		1	79	1	1	
272	273	0	1/8		1/8	1		5	83	1	1	
273	274	0	1/8		1/8	1		2	50	2	1	
273	274	0	1/8		1/8	1		6	54	2	1	
273	274	0	1/8		1/8	1		3	57	2	1	
273	274	0	1/8		1/8	1		2	62	2	1	
273	274	0	1/8		1/8	1		3	69	1	1	
273	274	0	1/8		1/8	1		0	72	1	1	
273	274	0	1/8		1/8	1		2	74	1	1	
273	274	0	1/8		1/8	1		6	78	1	1	
275	276	0	1/8		1/8	1		1	43	2	1	
275	276	0	1/8		1/8	1		5	47	2	1	
275	276	0	1/8		1/8	1		2	50	2	1	
275	276	0	1/8		1/8	1		1	55	2	1	
275	276	0	1/8		1/8	1		1	67	1	1	
275	276	0	1/8		1/8	1		5	71	1	1	
275	276	0	1/8		1/8	1		2	74	1	1	
275	276	0	1/8		1/8	1		1	79	1	1	
