mc	mn	timesig	onset	staff	voice	duration	gracenote	nominal_duration	scalar	tied	tpc	midi	volta	chord_id
1	1	4/4	0	2	2	1/4		1/4	1		-3	63		12
1	1	4/4	0	2	1	1/4		1/4	1		1	67		7
1	1	4/4	0	1	1	3/16		1/8	3/2		-2	70		0
1	1	4/4	3/16	1	1	1/16		1/16	1		0	72		1
1	1	4/4	1/4	2	2	1/4		1/4	1		-3	63		13
1	1	4/4	1/4	2	1	1/4		1/4	1		1	67		8
1	1	4/4	1/4	1	1	1/4		1/4	1	1	-2	70		2
1	1	4/4	1/2	2	2	1/4		1/4	1		2	62		14
1	1	4/4	1/2	2	1	1/4		1/4	1		-1	65		9
1	1	4/4	1/2	1	1	1/8		1/8	1	-1	-2	70		3
1	1	4/4	5/8	1	1	1/8		1/8	1		-2	70		4
1	1	4/4	3/4	2	2	1/4		1/4	1		0	60		15
1	1	4/4	3/4	2	1	1/8		1/8	1		1	67		10
1	1	4/4	3/4	1	1	1/8		1/8	1		-3	75		5
1	1	4/4	7/8	2	1	1/8		1/8	1		3	69		11
1	1	4/4	7/8	1	1	1/8		1/8	1		-3	75		6
2	2	4/4	0	1	1	0	grace16	1/16	1		-3	75		16
2	2	4/4	0	2	2	1/4		1/4	1		-2	58		30
2	2	4/4	0	2	1	1/4		1/4	1		-2	70		26
2	2	4/4	0	1	1	1/8		1/8	1		2	74		17
2	2	4/4	1/8	1	1	1/16		1/16	1		0	72		18
2	2	4/4	3/16	1	1	1/16		1/16	1		-2	70		19
2	2	4/4	1/4	2	2	1/2		1/2	1		-2	58		31
2	2	4/4	1/4	2	1	1/4		1/4	1		2	62		27
2	2	4/4	1/4	1	1	1/4		1/4	1		-2	70		20
2	2	4/4	1/2	2	1	1/4		1/4	1		4	64		28
2	2	4/4	1/2	1	1	1/16		1/16	1		2	74		21
2	2	4/4	9/16	1	1	1/16		1/16	1		0	72		22
2	2	4/4	5/8	1	1	1/4		1/4	1		0	72		23
2	2	4/4	3/4	2	2	1/4		1/4	1	1	-4	56		32
2	2	4/4	3/4	2	1	1/4		1/4	1		-1	65		29
2	2	4/4	7/8	1	1	1/16		1/16	1		-1	77		24
2	2	4/4	15/16	1	1	1/16		1/16	1		2	74		25
3	3	4/4	0	2	2	1/4		1/4	1	-1	-4	56		43
3	3	4/4	0	2	1	1/4		1/4	1		2	62		40
3	3	4/4	0	1	1	1/16		1/16	1		0	72		33
3	3	4/4	1/16	1	1	1/16		1/16	1		-2	70		34
3	3	4/4	1/8	1	1	1/4		1/4	1		-2	70		35
3	3	4/4	1/4	2	2	1/4		1/4	1		1	55		44
3	3	4/4	1/4	2	1	1/2		1/2	1		-3	63		41
3	3	4/4	3/8	1	1	1/16		1/16	1		-3	75		36
3	3	4/4	7/16	1	1	1/16		1/16	1		-2	70		37
3	3	4/4	1/2	2	2	1/4		1/4	1		-1	53		45
3	3	4/4	1/2	1	1	3/8		1/4	3/2		-2	70		38
3	3	4/4	3/4	2	2	1/4		1/4	1		-2	58		46
3	3	4/4	3/4	2	1	1/4		1/4	1		2	62		42
3	3	4/4	7/8	1	1	1/8		1/8	1		-4	68		39
4	4	4/4	0	2	1	1/16		1/16	1		-3	51		54
4	4	4/4	0	1	1	1/8		1/8	1		1	67		47
4	4	4/4	1/16	2	1	1/16		1/16	1		1	55		55
4	4	4/4	1/8	2	1	1/16		1/16	1		-2	58		56
4	4	4/4	3/16	2	1	1/16		1/16	1		-3	63		57
4	4	4/4	1/4	2	1	1/16		1/16	1		-3	51		58
4	4	4/4	1/4	1	1	1/8		1/8	1		-2	70		48
4	4	4/4	5/16	2	1	1/16		1/16	1		1	55		59
4	4	4/4	3/8	2	1	1/16		1/16	1		-2	58		60
4	4	4/4	7/16	2	1	1/16		1/16	1		-3	63		61
4	4	4/4	1/2	2	1	1/16		1/16	1		-3	51		62
4	4	4/4	9/16	2	1	1/16		1/16	1		1	55		63
4	4	4/4	5/8	1	1	0	grace32	1/32	1		-3	75		49
4	4	4/4	5/8	1	1	0	grace32	1/32	1		-1	77		50
4	4	4/4	5/8	2	1	1/16		1/16	1		-2	58		64
4	4	4/4	5/8	1	1	1/8		1/8	1		1	79		51
4	4	4/4	11/16	2	1	1/16		1/16	1		-3	63		65
4	4	4/4	3/4	2	1	1/16		1/16	1		-3	51		66
4	4	4/4	3/4	1	1	1/8		1/8	1		-1	77		52
4	4	4/4	13/16	2	1	1/16		1/16	1		1	55		67
4	4	4/4	7/8	2	1	1/16		1/16	1		-2	58		68
4	4	4/4	7/8	1	1	1/8		1/8	1		-3	75		53
4	4	4/4	15/16	2	1	1/16		1/16	1		-3	63		69
5	5	4/4	0	2	1	1/16		1/16	1		-1	53		79
5	5	4/4	0	1	1	3/16		1/8	3/2		-3	75		70
5	5	4/4	1/16	2	1	1/16		1/16	1		-4	56		80
5	5	4/4	1/8	2	1	1/16		1/16	1		2	62		81
5	5	4/4	3/16	2	1	1/16		1/16	1		-1	65		82
5	5	4/4	3/16	1	1	1/32		1/32	1		2	74		71
5	5	4/4	7/32	1	1	1/32		1/32	1		-3	75		72
5	5	4/4	1/4	2	1	1/16		1/16	1		-1	53		83
5	5	4/4	1/4	1	1	1/4		1/4	1		2	74		73
5	5	4/4	5/16	2	1	1/16		1/16	1		-4	56		84
5	5	4/4	3/8	2	1	1/16		1/16	1		2	62		85
5	5	4/4	7/16	2	1	1/16		1/16	1		-1	65		86
5	5	4/4	1/2	2	1	1/16		1/16	1		-1	53		87
5	5	4/4	9/16	2	1	1/16		1/16	1		-4	56		88
5	5	4/4	5/8	1	1	0	grace32	1/32	1		-1	77		74
5	5	4/4	5/8	1	1	0	grace32	1/32	1		1	79		75
5	5	4/4	5/8	2	1	1/16		1/16	1		2	62		89
5	5	4/4	5/8	1	1	1/8		1/8	1		-4	80		76
5	5	4/4	11/16	2	1	1/16		1/16	1		-1	65		90
5	5	4/4	3/4	2	1	1/16		1/16	1		-1	53		91
5	5	4/4	3/4	1	1	1/8		1/8	1		1	79		77
5	5	4/4	13/16	2	1	1/16		1/16	1		-4	56		92
5	5	4/4	7/8	2	1	1/16		1/16	1		2	62		93
5	5	4/4	7/8	1	1	1/8		1/8	1		-1	77		78
5	5	4/4	15/16	2	1	1/16		1/16	1		-1	65		94
6	6	4/4	0	2	1	1/16		1/16	1		1	55		105
6	6	4/4	0	1	1	3/16		1/8	3/2		-1	77		95
6	6	4/4	1/16	2	1	1/16		1/16	1		-2	58		106
6	6	4/4	1/8	2	1	1/16		1/16	1		-3	63		107
6	6	4/4	3/16	2	1	1/16		1/16	1		1	67		108
6	6	4/4	3/16	1	1	1/32		1/32	1		-3	75		96
6	6	4/4	7/32	1	1	1/32		1/32	1		-1	77		97
6	6	4/4	1/4	2	1	1/16		1/16	1		1	55		109
6	6	4/4	1/4	1	1	1/4		1/4	1		-3	75		98
6	6	4/4	5/16	2	1	1/16		1/16	1		-2	58		110
6	6	4/4	3/8	2	1	1/16		1/16	1		-3	63		111
6	6	4/4	7/16	2	1	1/16		1/16	1		1	67		112
6	6	4/4	1/2	2	1	1/16		1/16	1		-6	54		113
6	6	4/4	9/16	2	1	1/16		1/16	1		-2	58		114
6	6	4/4	5/8	1	1	0	grace32	1/32	1		-1	77		99
6	6	4/4	5/8	1	1	0	grace32	1/32	1		-3	75		100
6	6	4/4	5/8	1	1	0	grace32	1/32	1		2	74		101
6	6	4/4	5/8	2	1	1/16		1/16	1		-3	63		115
6	6	4/4	5/8	1	1	1/8		1/8	1		-3	75		102
6	6	4/4	11/16	2	1	1/16		1/16	1		-6	66		116
6	6	4/4	3/4	2	1	1/16		1/16	1		-6	54		117
6	6	4/4	3/4	1	1	1/8		1/8	1		-1	77		103
6	6	4/4	13/16	2	1	1/16		1/16	1		-2	58		118
6	6	4/4	7/8	2	1	1/16		1/16	1		-3	63		119
6	6	4/4	7/8	1	1	1/8		1/8	1		-6	78		104
6	6	4/4	15/16	2	1	1/16		1/16	1		-6	66		120
7	7	4/4	0	2	1	1/16		1/16	1		-1	53		127
7	7	4/4	0	1	1	1/8		1/8	1		-2	70		121
7	7	4/4	1/16	2	1	1/16		1/16	1		3	57		128
7	7	4/4	1/8	2	1	1/16		1/16	1		0	60		129
7	7	4/4	1/8	1	1	1/8		1/8	1		3	69		122
7	7	4/4	3/16	2	1	1/16		1/16	1		-3	63		130
7	7	4/4	1/4	2	1	1/16		1/16	1		-1	53		131
7	7	4/4	5/16	2	1	1/16		1/16	1		3	57		132
7	7	4/4	3/8	2	1	1/16		1/16	1		0	60		133
7	7	4/4	3/8	1	1	1/8		1/8	1		0	72		123
7	7	4/4	7/16	2	1	1/16		1/16	1		-3	63		134
7	7	4/4	1/2	2	1	1/16		1/16	1		4	52		135
7	7	4/4	1/2	1	1	1/8		1/8	1		-3	75		124
7	7	4/4	9/16	2	1	1/16		1/16	1		1	55		136
7	7	4/4	5/8	2	1	1/16		1/16	1		-2	58		137
7	7	4/4	5/8	1	1	1/8		1/8	1		-5	73		125
7	7	4/4	11/16	2	1	1/16		1/16	1		-5	61		138
7	7	4/4	3/4	2	1	1/16		1/16	1		4	52		139
7	7	4/4	13/16	2	1	1/16		1/16	1		1	55		140
7	7	4/4	7/8	2	1	1/16		1/16	1		-2	58		141
7	7	4/4	7/8	1	1	1/8		1/8	1		-2	70		126
7	7	4/4	15/16	2	1	1/16		1/16	1		-5	61		142
8	8	4/4	0	2	2	1/2		1/2	1	1	-1	53		168
8	8	4/4	0	2	1	1/16		1/16	1		0	60		158
8	8	4/4	0	1	2	1/16		1/16	1		3	69		148
8	8	4/4	1/16	2	1	1/16		1/16	1		-5	61		159
8	8	4/4	1/16	1	2	1/16		1/16	1		-2	70		149
8	8	4/4	1/8	2	1	1/16		1/16	1		0	60		160
8	8	4/4	1/8	1	2	1/16		1/16	1		3	69		150
8	8	4/4	3/16	2	1	1/16		1/16	1		-2	58		161
8	8	4/4	3/16	1	2	1/16		1/16	1		-5	73		151
8	8	4/4	1/4	2	1	1/16		1/16	1		3	57		162
8	8	4/4	1/4	1	2	1/16		1/16	1		0	72		152
8	8	4/4	5/16	2	1	1/16		1/16	1		-5	61		163
8	8	4/4	5/16	1	2	1/16		1/16	1		-2	70		153
8	8	4/4	5/16	1	1	1/16		1/16	1		4	76		143
8	8	4/4	3/8	2	1	1/16		1/16	1		0	60		164
8	8	4/4	3/8	1	2	1/16		1/16	1		3	69		154
8	8	4/4	3/8	1	1	1/16		1/16	1		-1	77		144
8	8	4/4	7/16	2	1	1/16		1/16	1		-2	58		165
8	8	4/4	7/16	1	2	1/16		1/16	1		4	64		155
8	8	4/4	7/16	1	1	1/16		1/16	1		-5	73		145
8	8	4/4	1/2	2	2	1/4		1/4	1	0	-1	53		169
8	8	4/4	1/2	2	1	1/4		1/4	1		-2	58		166
8	8	4/4	1/2	1	2	1/4		1/4	1		4	64		156
8	8	4/4	1/2	1	1	1/4		1/4	1		-5	73		146
8	8	4/4	3/4	2	2	1/8		1/8	1	-1	-1	53		170
8	8	4/4	3/4	2	1	1/8		1/8	1		3	57		167
8	8	4/4	3/4	1	2	1/8		1/8	1		-1	65		157
8	8	4/4	3/4	1	1	1/8		1/8	1		0	72		147
9	9	4/4	0	2	1	1/16		1/16	1		-2	58		181
9	9	4/4	1/16	2	1	1/16		1/16	1		2	62		182
9	9	4/4	1/16	2	1	1/16		1/16	1		-1	65		182
9	9	4/4	1/8	2	1	1/16		1/16	1		2	62		183
9	9	4/4	1/8	2	1	1/16		1/16	1		-1	65		183
9	9	4/4	3/16	2	1	1/16		1/16	1		2	62		184
9	9	4/4	3/16	2	1	1/16		1/16	1		-1	65		184
9	9	4/4	1/4	2	1	1/16		1/16	1		-2	58		185
9	9	4/4	5/16	2	1	1/16		1/16	1		2	62		186
9	9	4/4	5/16	2	1	1/16		1/16	1		-1	65		186
9	9	4/4	5/16	1	1	1/16		1/16	1		-2	70		171
9	9	4/4	3/8	2	1	1/16		1/16	1		2	62		187
9	9	4/4	3/8	2	1	1/16		1/16	1		-1	65		187
9	9	4/4	3/8	1	1	1/16		1/16	1		2	74		172
9	9	4/4	7/16	2	1	1/16		1/16	1		2	62		188
9	9	4/4	7/16	2	1	1/16		1/16	1		-1	65		188
9	9	4/4	7/16	1	1	1/16		1/16	1		-1	77		173
9	9	4/4	1/2	2	1	1/16		1/16	1		0	60		189
9	9	4/4	1/2	1	1	1/16		1/16	1		-1	77		174
9	9	4/4	9/16	2	1	1/16		1/16	1		-3	63		190
9	9	4/4	9/16	2	1	1/16		1/16	1		-1	65		190
9	9	4/4	9/16	1	1	1/16		1/16	1		-3	75		175
9	9	4/4	5/8	2	1	1/16		1/16	1		-3	63		191
9	9	4/4	5/8	2	1	1/16		1/16	1		-1	65		191
9	9	4/4	5/8	1	1	1/16		1/16	1		0	72		176
9	9	4/4	11/16	2	1	1/16		1/16	1		-3	63		192
9	9	4/4	11/16	2	1	1/16		1/16	1		-1	65		192
9	9	4/4	11/16	1	1	1/16		1/16	1		3	69		177
9	9	4/4	3/4	2	1	1/16		1/16	1		0	60		193
9	9	4/4	13/16	2	1	1/16		1/16	1		-3	63		194
9	9	4/4	13/16	2	1	1/16		1/16	1		-1	65		194
9	9	4/4	13/16	1	1	1/16		1/16	1		3	69		178
9	9	4/4	7/8	2	1	1/16		1/16	1		-3	63		195
9	9	4/4	7/8	2	1	1/16		1/16	1		-1	65		195
9	9	4/4	7/8	1	1	1/16		1/16	1		0	72		179
9	9	4/4	15/16	2	1	1/16		1/16	1		-3	63		196
9	9	4/4	15/16	2	1	1/16		1/16	1		-1	65		196
9	9	4/4	15/16	1	1	1/16		1/16	1		-3	75		180
10	10	4/4	0	2	1	1/16		1/16	1		-2	58		211
10	10	4/4	0	1	1	1/16		1/16	1		1	79		197
10	10	4/4	1/16	2	1	1/16		1/16	1		2	62		212
10	10	4/4	1/16	2	1	1/16		1/16	1		-1	65		212
10	10	4/4	1/16	1	1	1/16		1/16	1		-1	77		198
10	10	4/4	1/8	2	1	1/16		1/16	1		2	62		213
10	10	4/4	1/8	2	1	1/16		1/16	1		-1	65		213
10	10	4/4	1/8	1	1	1/16		1/16	1		2	74		199
10	10	4/4	3/16	2	1	1/16		1/16	1		2	62		214
10	10	4/4	3/16	2	1	1/16		1/16	1		-1	65		214
10	10	4/4	3/16	1	1	1/16		1/16	1		-2	70		200
10	10	4/4	1/4	2	1	1/16		1/16	1		-2	58		215
10	10	4/4	5/16	2	1	1/16		1/16	1		2	62		216
10	10	4/4	5/16	2	1	1/16		1/16	1		-1	65		216
10	10	4/4	5/16	1	1	1/16		1/16	1		-2	70		201
10	10	4/4	3/8	2	1	1/16		1/16	1		2	62		217
10	10	4/4	3/8	2	1	1/16		1/16	1		-1	65		217
10	10	4/4	3/8	1	1	1/16		1/16	1		2	74		202
10	10	4/4	7/16	2	1	1/16		1/16	1		2	62		218
10	10	4/4	7/16	2	1	1/16		1/16	1		-1	65		218
10	10	4/4	7/16	1	1	1/16		1/16	1		-1	77		203
10	10	4/4	1/2	2	1	1/16		1/16	1		0	60		219
10	10	4/4	1/2	1	1	1/16		1/16	1		-1	77		204
10	10	4/4	9/16	2	1	1/16		1/16	1		-3	63		220
10	10	4/4	9/16	2	1	1/16		1/16	1		-1	65		220
10	10	4/4	9/16	1	1	1/16		1/16	1		-3	75		205
10	10	4/4	5/8	2	1	1/16		1/16	1		-3	63		221
10	10	4/4	5/8	2	1	1/16		1/16	1		-1	65		221
10	10	4/4	5/8	1	1	1/16		1/16	1		0	72		206
10	10	4/4	11/16	2	1	1/16		1/16	1		-3	63		222
10	10	4/4	11/16	2	1	1/16		1/16	1		-1	65		222
10	10	4/4	11/16	1	1	1/16		1/16	1		3	69		207
10	10	4/4	3/4	2	1	1/16		1/16	1		0	60		223
10	10	4/4	13/16	2	1	1/16		1/16	1		-3	63		224
10	10	4/4	13/16	2	1	1/16		1/16	1		-1	65		224
10	10	4/4	13/16	1	1	1/16		1/16	1		3	69		208
10	10	4/4	7/8	2	1	1/16		1/16	1		-3	63		225
10	10	4/4	7/8	2	1	1/16		1/16	1		-1	65		225
10	10	4/4	7/8	1	1	1/16		1/16	1		0	72		209
10	10	4/4	15/16	2	1	1/16		1/16	1		-3	63		226
10	10	4/4	15/16	2	1	1/16		1/16	1		-1	65		226
10	10	4/4	15/16	1	1	1/16		1/16	1		-3	75		210
11	11	4/4	0	2	1	1/16		1/16	1		-2	58		245
11	11	4/4	0	1	1	1/16		1/16	1		1	79		227
11	11	4/4	1/16	2	1	1/16		1/16	1		2	62		246
11	11	4/4	1/16	2	1	1/16		1/16	1		-1	65		246
11	11	4/4	1/16	1	1	1/16		1/16	1		-1	77		228
11	11	4/4	1/8	2	1	1/16		1/16	1		2	62		247
11	11	4/4	1/8	2	1	1/16		1/16	1		-1	65		247
11	11	4/4	1/8	1	1	1/16		1/16	1		2	74		229
11	11	4/4	3/16	2	1	1/16		1/16	1		2	62		248
11	11	4/4	3/16	2	1	1/16		1/16	1		-1	65		248
11	11	4/4	3/16	1	1	1/16		1/16	1		-2	70		230
11	11	4/4	1/4	2	1	1/16		1/16	1		-2	46		249
11	11	4/4	5/16	2	1	1/16		1/16	1		2	50		250
11	11	4/4	5/16	1	1	1/16		1/16	1		-1	77		231
11	11	4/4	3/8	2	1	1/16		1/16	1		0	48		251
11	11	4/4	3/8	1	1	1/32		1/32	1		4	76		232
11	11	4/4	13/32	1	1	1/32		1/32	1		-1	77		233
11	11	4/4	7/16	2	1	1/16		1/16	1		-3	51		252
11	11	4/4	7/16	1	1	1/32		1/32	1		3	81		234
11	11	4/4	15/32	1	1	1/32		1/32	1		-1	77		235
11	11	4/4	1/2	2	1	1/16		1/16	1		2	50		253
11	11	4/4	1/2	1	1	1/16		1/16	1		-2	82		236
11	11	4/4	9/16	2	1	1/16		1/16	1		-1	53		254
11	11	4/4	9/16	1	1	1/16		1/16	1		-1	77		237
11	11	4/4	5/8	2	1	1/16		1/16	1		-2	58		255
11	11	4/4	5/8	1	1	1/8		1/8	1	1	-1	77		238
11	11	4/4	11/16	2	1	1/16		1/16	1		2	62		256
11	11	4/4	3/4	2	1	1/16		1/16	1		2	50		257
11	11	4/4	3/4	1	1	1/16		1/16	1	-1	-1	77		239
11	11	4/4	13/16	2	1	1/16		1/16	1		-1	53		258
11	11	4/4	13/16	1	1	1/16		1/16	1		2	74		240
11	11	4/4	7/8	2	1	1/16		1/16	1		-2	58		259
11	11	4/4	7/8	1	1	1/32		1/32	1		-1	77		241
11	11	4/4	29/32	1	1	1/32		1/32	1		2	74		242
11	11	4/4	15/16	2	1	1/16		1/16	1		2	62		260
11	11	4/4	15/16	1	1	1/32		1/32	1		-1	77		243
11	11	4/4	31/32	1	1	1/32		1/32	1		2	74		244
12	12	4/4	0	2	1	1/16		1/16	1		-3	51		282
12	12	4/4	0	1	1	1/16		1/16	1		1	79		261
12	12	4/4	1/16	2	1	1/16		1/16	1		1	55		283
12	12	4/4	1/16	1	1	1/16		1/16	1		-3	75		262
12	12	4/4	1/8	2	1	1/16		1/16	1		0	60		284
12	12	4/4	1/8	1	1	1/8		1/8	1	1	-3	75		263
12	12	4/4	3/16	2	1	1/16		1/16	1		-3	63		285
12	12	4/4	1/4	2	1	1/16		1/16	1		-3	51		286
12	12	4/4	1/4	1	1	1/16		1/16	1	-1	-3	75		264
12	12	4/4	5/16	2	1	1/16		1/16	1		1	55		287
12	12	4/4	5/16	1	1	1/16		1/16	1		0	72		265
12	12	4/4	3/8	2	1	1/16		1/16	1		0	60		288
12	12	4/4	3/8	1	1	1/32		1/32	1		-3	75		266
12	12	4/4	13/32	1	1	1/32		1/32	1		0	72		267
12	12	4/4	7/16	2	1	1/16		1/16	1		-3	63		289
12	12	4/4	7/16	1	1	1/32		1/32	1		-3	75		268
12	12	4/4	15/32	1	1	1/32		1/32	1		0	72		269
12	12	4/4	1/2	2	1	1/16		1/16	1		-1	53		290
12	12	4/4	1/2	1	1	1/16		1/16	1		-1	77		270
12	12	4/4	9/16	2	1	1/16		1/16	1		-2	58		291
12	12	4/4	9/16	1	1	1/16		1/16	1	1	2	74		271
12	12	4/4	5/8	2	1	1/16		1/16	1		2	62		292
12	12	4/4	5/8	1	1	1/32		1/32	1	-1	2	74		272
12	12	4/4	21/32	1	1	1/32		1/32	1		-2	70		273
12	12	4/4	11/16	2	1	1/16		1/16	1		-1	65		293
12	12	4/4	11/16	1	1	1/32		1/32	1		2	74		274
12	12	4/4	23/32	1	1	1/32		1/32	1		-2	70		275
12	12	4/4	3/4	2	1	1/16		1/16	1		-1	53		294
12	12	4/4	3/4	1	1	1/16		1/16	1		-3	75		276
12	12	4/4	13/16	2	1	1/16		1/16	1		3	57		295
12	12	4/4	13/16	1	1	1/16		1/16	1	1	0	72		277
12	12	4/4	7/8	2	1	1/16		1/16	1		0	60		296
12	12	4/4	7/8	1	1	1/32		1/32	1	-1	0	72		278
12	12	4/4	29/32	1	1	1/32		1/32	1		3	69		279
12	12	4/4	15/16	2	1	1/16		1/16	1		-3	63		297
12	12	4/4	15/16	1	1	1/32		1/32	1		0	72		280
12	12	4/4	31/32	1	1	1/32		1/32	1		3	69		281
13	13	4/4	0	2	1	1/8		1/8	1		1	55		325
13	13	4/4	0	2	1	1/8		1/8	1		2	62		325
13	13	4/4	0	1	1	1/32		1/32	1		0	72		298
13	13	4/4	1/32	1	1	1/32		1/32	1		-2	70		299
13	13	4/4	1/16	1	1	1/32		1/32	1		3	69		300
13	13	4/4	3/32	1	1	1/32		1/32	1		-2	70		301
13	13	4/4	1/8	1	1	1/16		1/16	1		0	72		302
13	13	4/4	3/16	1	1	1/16		1/16	1		2	74		303
13	13	4/4	1/4	1	1	1/16		1/16	1		-3	75		304
13	13	4/4	5/16	1	1	0	grace32	1/32	1		2	74		305
13	13	4/4	5/16	1	1	1/16		1/16	1		-1	77		306
13	13	4/4	3/8	1	1	0	grace32	1/32	1		-3	75		307
13	13	4/4	3/8	1	1	1/16		1/16	1		1	79		308
13	13	4/4	7/16	1	1	0	grace32	1/32	1		-1	77		309
13	13	4/4	7/16	1	1	1/16		1/16	1		3	81		310
13	13	4/4	1/2	2	1	1/8		1/8	1		2	62		326
13	13	4/4	1/2	2	1	1/8		1/8	1		-2	70		326
13	13	4/4	1/2	1	1	1/32		1/32	1		-2	82		311
13	13	4/4	17/32	1	1	1/32		1/32	1		-1	77		312
13	13	4/4	9/16	1	1	1/32		1/32	1		4	76		313
13	13	4/4	19/32	1	1	1/32		1/32	1		-1	77		314
13	13	4/4	5/8	1	1	1/32		1/32	1		1	79		315
13	13	4/4	21/32	1	1	1/32		1/32	1		-1	77		316
13	13	4/4	11/16	1	1	1/32		1/32	1		4	76		317
13	13	4/4	23/32	1	1	1/32		1/32	1		-1	77		318
13	13	4/4	3/4	2	1	1/8		1/8	1		2	62		327
13	13	4/4	3/4	2	1	1/8		1/8	1		-2	70		327
13	13	4/4	25/32	1	1	1/32		1/32	1		-1	77		319
13	13	4/4	13/16	1	1	1/32		1/32	1		4	76		320
13	13	4/4	27/32	1	1	1/32		1/32	1		-1	77		321
13	13	4/4	7/8	2	1	1/8		1/8	1		2	62		328
13	13	4/4	7/8	2	1	1/8		1/8	1		-2	70		328
13	13	4/4	29/32	1	1	1/32		1/32	1		4	76		322
13	13	4/4	15/16	1	1	1/32		1/32	1		-1	77		323
13	13	4/4	31/32	1	1	1/32		1/32	1		6	78		324
14	14	4/4	0	2	1	1/8		1/8	1		-3	63		350
14	14	4/4	0	2	1	1/8		1/8	1		-2	70		350
14	14	4/4	0	1	1	1/32		1/32	1		1	79		329
14	14	4/4	1/32	1	1	1/32		1/32	1		0	72		330
14	14	4/4	1/16	1	1	1/32		1/32	1		5	71		331
14	14	4/4	3/32	1	1	1/32		1/32	1		0	72		332
14	14	4/4	1/8	1	1	1/32		1/32	1		2	74		333
14	14	4/4	5/32	1	1	1/32		1/32	1		0	72		334
14	14	4/4	3/16	1	1	1/32		1/32	1		5	71		335
14	14	4/4	7/32	1	1	1/32		1/32	1		0	72		336
14	14	4/4	1/4	2	1	1/8		1/8	1		-3	63		351
14	14	4/4	1/4	2	1	1/8		1/8	1		-2	70		351
14	14	4/4	9/32	1	1	1/32		1/32	1		0	72		337
14	14	4/4	5/16	1	1	1/32		1/32	1		5	71		338
14	14	4/4	11/32	1	1	1/32		1/32	1		0	72		339
14	14	4/4	3/8	2	1	1/8		1/8	1		4	64		352
14	14	4/4	3/8	2	1	1/8		1/8	1		-2	70		352
14	14	4/4	13/32	1	1	1/32		1/32	1		5	71		340
14	14	4/4	7/16	1	1	1/32		1/32	1		0	72		341
14	14	4/4	15/32	1	1	1/32		1/32	1		-5	73		342
14	14	4/4	1/2	2	1	1/4		1/4	1		-1	65		353
14	14	4/4	1/2	2	1	1/4		1/4	1		-2	70		353
14	14	4/4	1/2	1	1	1/16		1/16	1		2	74		343
14	14	4/4	9/16	1	1	1/16		1/16	1		-3	75		344
14	14	4/4	5/8	1	1	1/16		1/16	1		4	76		345
14	14	4/4	11/16	1	1	1/16		1/16	1		-1	77		346
14	14	4/4	3/4	1	1	3/16		1/8	3/2		0	72		347
14	14	4/4	7/8	2	1	1/8		1/8	1		-1	53		354
14	14	4/4	7/8	2	1	1/8		1/8	1		3	57		354
14	14	4/4	7/8	2	1	1/8		1/8	1		-3	63		354
14	14	4/4	15/16	1	1	1/32		1/32	1		-2	70		348
14	14	4/4	31/32	1	1	1/32		1/32	1		0	72		349
15	15	4/4	0	2	1	1/16		1/16	1		-2	58		374
15	15	4/4	0	2	1	1/16		1/16	1		2	62		374
15	15	4/4	0	1	1	1/8		1/8	1		-2	70		355
15	15	4/4	1/16	2	1	1/16		1/16	1		2	62		375
15	15	4/4	1/16	2	1	1/16		1/16	1		-1	65		375
15	15	4/4	1/8	2	1	1/16		1/16	1		0	60		376
15	15	4/4	1/8	2	1	1/16		1/16	1		-3	63		376
15	15	4/4	3/16	2	1	1/16		1/16	1		-2	58		377
15	15	4/4	3/16	2	1	1/16		1/16	1		2	62		377
15	15	4/4	1/4	1	1	0	grace32	1/32	1		3	69		356
15	15	4/4	1/4	1	1	0	grace32	1/32	1		0	72		357
15	15	4/4	1/4	1	1	1/8		1/8	1		-3	75		358
15	15	4/4	5/16	2	1	1/16		1/16	1		3	57		378
15	15	4/4	5/16	2	1	1/16		1/16	1		0	60		378
15	15	4/4	3/8	2	1	1/16		1/16	1		1	55		379
15	15	4/4	3/8	2	1	1/16		1/16	1		-2	58		379
15	15	4/4	7/16	2	1	1/16		1/16	1		-1	53		380
15	15	4/4	7/16	2	1	1/16		1/16	1		3	57		380
15	15	4/4	1/2	2	1	1/4		1/4	1		-2	46		381
15	15	4/4	1/2	2	1	1/4		1/4	1		-2	58		381
15	15	4/4	1/2	1	1	1/16		1/16	1		2	74		359
15	15	4/4	9/16	1	1	1/32		1/32	1		-2	58		360
15	15	4/4	19/32	1	1	1/32		1/32	1		2	62		361
15	15	4/4	5/8	1	1	1/32		1/32	1		0	60		362
15	15	4/4	21/32	1	1	1/32		1/32	1		-3	63		363
15	15	4/4	11/16	1	1	1/32		1/32	1		2	62		364
15	15	4/4	23/32	1	1	1/32		1/32	1		-1	65		365
15	15	4/4	3/4	1	1	1/32		1/32	1		-3	63		366
15	15	4/4	25/32	1	1	1/32		1/32	1		1	67		367
15	15	4/4	13/16	1	1	1/32		1/32	1		-1	65		368
15	15	4/4	27/32	1	1	1/32		1/32	1		-4	68		369
15	15	4/4	7/8	1	1	1/32		1/32	1		1	67		370
15	15	4/4	29/32	1	1	1/32		1/32	1		-2	70		371
15	15	4/4	15/16	1	1	1/32		1/32	1		-4	68		372
15	15	4/4	31/32	1	1	1/32		1/32	1		0	72		373
16	16	4/4	0	2	2	1/4		1/4	1		-5	61		393
16	16	4/4	0	2	1	1/4		1/4	1		4	64		389
16	16	4/4	0	2	1	1/4		1/4	1		1	67		389
16	16	4/4	0	1	1	3/32		1/16	3/2		-2	70		382
16	16	4/4	3/32	1	1	1/32		1/32	1		0	72		383
16	16	4/4	1/8	1	1	1/4		1/4	1		-2	70		384
16	16	4/4	1/4	2	2	1/4		1/4	1		-5	61		394
16	16	4/4	1/4	2	1	1/4		1/4	1		4	64		390
16	16	4/4	1/4	2	1	1/4		1/4	1		1	67		390
16	16	4/4	3/8	1	1	1/4		1/4	1		-2	82		385
16	16	4/4	1/2	2	2	1/4		1/4	1		0	60		395
16	16	4/4	1/2	2	1	1/4		1/4	1		4	64		391
16	16	4/4	1/2	2	1	1/4		1/4	1		1	67		391
16	16	4/4	5/8	1	1	1/8		1/8	1		1	79		386
16	16	4/4	3/4	2	2	1/4		1/4	1		0	60		396
16	16	4/4	3/4	2	1	1/4		1/4	1		4	64		392
16	16	4/4	3/4	2	1	1/4		1/4	1		1	67		392
16	16	4/4	3/4	1	1	1/8		1/8	1		4	76		387
16	16	4/4	7/8	1	1	1/8		1/8	1		-2	70		388
17	17	4/4	0	2	2	1/4		1/4	1		0	60		409
17	17	4/4	0	2	1	1/4		1/4	1		-1	65		405
17	17	4/4	0	1	1	1/16		1/16	1		-2	70		397
17	17	4/4	1/16	1	1	1/16		1/16	1		3	69		398
17	17	4/4	1/8	1	1	1/4		1/4	1		3	69		399
17	17	4/4	1/4	2	2	1/4		1/4	1		0	60		410
17	17	4/4	1/4	2	1	1/4		1/4	1		-1	65		406
17	17	4/4	3/8	1	1	1/4		1/4	1		-4	68		400
17	17	4/4	1/2	2	2	1/4		1/4	1		0	60		411
17	17	4/4	1/2	2	1	1/4		1/4	1		-3	63		407
17	17	4/4	5/8	1	1	0	grace16	1/16	1		1	67		401
17	17	4/4	5/8	1	1	1/4		1/4	1		-4	68		402
17	17	4/4	3/4	2	2	1/4		1/4	1		-7	59		412
17	17	4/4	3/4	2	1	1/4		1/4	1		-3	63		408
17	17	4/4	7/8	1	1	0	grace16	1/16	1		1	67		403
17	17	4/4	7/8	1	1	1/8		1/8	1	1	-4	68		404
18	18	4/4	0	2	2	1/4		1/4	1		-2	58		430
18	18	4/4	0	2	1	1/4		1/4	1		2	62		426
18	18	4/4	0	1	1	1/16		1/16	1	-1	-4	68		413
18	18	4/4	1/16	1	1	1/16		1/16	1		-4	80		414
18	18	4/4	1/8	1	1	1/16		1/16	1		1	79		415
18	18	4/4	3/16	1	1	1/16		1/16	1		-4	80		416
18	18	4/4	1/4	2	2	1/4		1/4	1		-2	58		431
18	18	4/4	1/4	2	1	1/4		1/4	1		-4	68		427
18	18	4/4	5/16	1	1	1/16		1/16	1		-1	77		417
18	18	4/4	3/8	1	1	1/16		1/16	1		4	76		418
18	18	4/4	7/16	1	1	1/16		1/16	1		-1	77		419
18	18	4/4	1/2	2	2	1/4		1/4	1		-2	58		432
18	18	4/4	1/2	2	1	1/4		1/4	1		-1	65		428
18	18	4/4	9/16	1	1	1/16		1/16	1		2	74		420
18	18	4/4	5/8	1	1	1/16		1/16	1		7	73		421
18	18	4/4	11/16	1	1	1/16		1/16	1		2	74		422
18	18	4/4	3/4	2	2	1/4		1/4	1		-2	58		433
18	18	4/4	3/4	2	1	1/4		1/4	1		2	62		429
18	18	4/4	3/4	2	1	1/4		1/4	1		-1	65		429
18	18	4/4	13/16	1	1	1/16		1/16	1		-4	68		423
18	18	4/4	7/8	1	1	1/16		1/16	1		1	67		424
18	18	4/4	15/16	1	1	1/16		1/16	1		-4	68		425
19	19	4/4	0	1	1	1/4		1/4	1		1	67		434
19	19	4/4	1/16	2	1	1/16		1/16	1		-3	63		441
19	19	4/4	1/8	2	1	1/16		1/16	1		2	62		442
19	19	4/4	3/16	2	1	1/16		1/16	1		-3	63		443
19	19	4/4	1/4	1	2	1/4		1/4	1		-3	63		438
19	19	4/4	1/4	1	1	1/4		1/4	1		1	67		435
19	19	4/4	5/16	2	1	1/16		1/16	1		-5	61		444
19	19	4/4	3/8	2	1	1/16		1/16	1		0	60		445
19	19	4/4	7/16	2	1	1/16		1/16	1		-5	61		446
19	19	4/4	1/2	1	2	1/4		1/4	1		-3	63		439
19	19	4/4	1/2	1	1	1/4		1/4	1		-4	68		436
19	19	4/4	9/16	2	1	1/16		1/16	1		0	60		447
19	19	4/4	5/8	2	1	1/16		1/16	1		5	59		448
19	19	4/4	11/16	2	1	1/16		1/16	1		0	60		449
19	19	4/4	3/4	1	2	1/4		1/4	1		-3	63		440
19	19	4/4	3/4	1	1	1/4		1/4	1		3	69		437
19	19	4/4	13/16	2	1	1/16		1/16	1		-7	59		450
19	19	4/4	7/8	2	1	1/16		1/16	1		-2	58		451
19	19	4/4	15/16	2	1	1/16		1/16	1		-7	59		452
20	20	4/4	0	2	2	1/4		1/4	1		-2	58		487
20	20	4/4	0	2	1	1/4		1/4	1		2	62		481
20	20	4/4	1/32	1	1	1/32		1/32	1		-2	70		453
20	20	4/4	1/16	1	1	1/32		1/32	1		3	69		454
20	20	4/4	3/32	1	1	1/32		1/32	1		-2	70		455
20	20	4/4	1/8	1	1	1/32		1/32	1		3	69		456
20	20	4/4	5/32	1	1	1/32		1/32	1		-2	70		457
20	20	4/4	3/16	1	1	1/32		1/32	1		0	72		458
20	20	4/4	7/32	1	1	1/32		1/32	1		-2	70		459
20	20	4/4	1/4	2	2	1/4		1/4	1		-2	58		488
20	20	4/4	1/4	2	1	1/8		1/8	1		0	60		482
20	20	4/4	9/32	1	1	1/32		1/32	1		-3	75		460
20	20	4/4	5/16	1	1	1/32		1/32	1		2	74		461
20	20	4/4	11/32	1	1	1/32		1/32	1		-3	75		462
20	20	4/4	3/8	2	1	1/8		1/8	1		-3	63		483
20	20	4/4	3/8	1	1	1/32		1/32	1		2	74		463
20	20	4/4	13/32	1	1	1/32		1/32	1		0	72		464
20	20	4/4	7/16	1	1	1/32		1/32	1		-2	70		465
20	20	4/4	15/32	1	1	1/32		1/32	1		3	69		466
20	20	4/4	1/2	2	2	1/4		1/4	1		-2	58		489
20	20	4/4	1/2	2	1	1/4		1/4	1		2	62		484
20	20	4/4	17/32	1	1	1/32		1/32	1		-2	70		467
20	20	4/4	9/16	1	1	1/32		1/32	1		3	69		468
20	20	4/4	19/32	1	1	1/32		1/32	1		-2	70		469
20	20	4/4	5/8	1	1	1/32		1/32	1		3	69		470
20	20	4/4	21/32	1	1	1/32		1/32	1		-2	70		471
20	20	4/4	11/16	1	1	1/32		1/32	1		0	72		472
20	20	4/4	23/32	1	1	1/32		1/32	1		-2	70		473
20	20	4/4	3/4	2	2	1/4		1/4	1		-2	58		490
20	20	4/4	3/4	2	1	1/8		1/8	1		0	60		485
20	20	4/4	25/32	1	1	1/32		1/32	1		-3	75		474
20	20	4/4	13/16	1	1	1/32		1/32	1		2	74		475
20	20	4/4	27/32	1	1	1/32		1/32	1		-3	75		476
20	20	4/4	7/8	2	1	1/8		1/8	1		-3	63		486
20	20	4/4	7/8	1	1	1/32		1/32	1		2	74		477
20	20	4/4	29/32	1	1	1/32		1/32	1		0	72		478
20	20	4/4	15/16	1	1	1/32		1/32	1		-2	70		479
20	20	4/4	31/32	1	1	1/32		1/32	1		3	69		480
21	21	4/4	0	2	1	1/4		1/4	1		-2	58		503
21	21	4/4	0	2	1	1/4		1/4	1		-3	63		503
21	21	4/4	0	1	1	1/8		1/8	1		3	69		491
21	21	4/4	1/8	1	1	3/32		1/16	3/2		0	72		492
21	21	4/4	7/32	1	1	1/32		1/32	1		-2	70		493
21	21	4/4	1/4	2	1	1/4		1/4	1		-2	58		504
21	21	4/4	1/4	2	1	1/4		1/4	1		2	62		504
21	21	4/4	1/4	1	1	1/4		1/4	1		-2	70		494
21	21	4/4	1/2	1	1	1/16		1/16	1		5	71		495
21	21	4/4	9/16	1	1	1/16		1/16	1		0	72		496
21	21	4/4	5/8	1	1	1/16		1/16	1		2	74		497
21	21	4/4	11/16	1	1	1/16		1/16	1		0	72		498
21	21	4/4	3/4	1	1	1/16		1/16	1		-2	70		499
21	21	4/4	13/16	1	1	1/16		1/16	1		-4	68		500
21	21	4/4	7/8	1	1	1/16		1/16	1		1	67		501
21	21	4/4	15/16	1	1	1/16		1/16	1		-1	65		502
22	22	4/4	0	2	1	1/16		1/16	1		-3	51		514
22	22	4/4	0	1	1	1/8		1/8	1		1	67		505
22	22	4/4	1/16	2	1	1/16		1/16	1		1	55		515
22	22	4/4	1/8	2	1	1/16		1/16	1		-2	58		516
22	22	4/4	3/16	2	1	1/16		1/16	1		-3	63		517
22	22	4/4	1/4	2	1	1/16		1/16	1		-3	51		518
22	22	4/4	1/4	1	1	1/8		1/8	1		-2	70		506
22	22	4/4	5/16	2	1	1/16		1/16	1		1	55		519
22	22	4/4	3/8	2	1	1/16		1/16	1		-2	58		520
22	22	4/4	7/16	2	1	1/16		1/16	1		-3	63		521
22	22	4/4	1/2	2	1	1/16		1/16	1		-5	49		522
22	22	4/4	9/16	2	1	1/16		1/16	1		1	55		523
22	22	4/4	5/8	1	1	0	grace32	1/32	1		-1	77		507
22	22	4/4	5/8	2	1	1/16		1/16	1		-2	58		524
22	22	4/4	5/8	1	1	1/32		1/32	1		-3	75		508
22	22	4/4	21/32	1	1	1/32		1/32	1		2	74		509
22	22	4/4	11/16	2	1	1/16		1/16	1		-5	61		525
22	22	4/4	11/16	1	1	1/32		1/32	1		-3	75		510
22	22	4/4	23/32	1	1	1/32		1/32	1		-1	77		511
22	22	4/4	3/4	2	1	1/16		1/16	1		-5	49		526
22	22	4/4	3/4	1	1	1/8		1/8	1		-3	75		512
22	22	4/4	13/16	2	1	1/16		1/16	1		1	55		527
22	22	4/4	7/8	2	1	1/16		1/16	1		-2	58		528
22	22	4/4	7/8	1	1	1/8		1/8	1		1	67		513
22	22	4/4	15/16	2	1	1/16		1/16	1		-5	61		529
23	23	4/4	0	2	1	1/16		1/16	1		0	48		540
23	23	4/4	0	1	1	1/8		1/8	1		-2	70		530
23	23	4/4	1/16	2	1	1/16		1/16	1		-3	51		541
23	23	4/4	1/8	2	1	1/16		1/16	1		-4	56		542
23	23	4/4	1/8	1	1	1/8		1/8	1		-4	68		531
23	23	4/4	3/16	2	1	1/16		1/16	1		0	60		543
23	23	4/4	1/4	2	1	1/16		1/16	1		0	48		544
23	23	4/4	1/4	1	1	1/8		1/8	1		-4	68		532
23	23	4/4	5/16	2	1	1/16		1/16	1		-3	51		545
23	23	4/4	3/8	2	1	1/16		1/16	1		-4	56		546
23	23	4/4	7/16	2	1	1/16		1/16	1		0	60		547
23	23	4/4	1/2	2	1	1/16		1/16	1		1	55		548
23	23	4/4	9/16	2	1	1/16		1/16	1		-2	58		549
23	23	4/4	5/8	1	1	0	grace32	1/32	1		-1	77		533
23	23	4/4	5/8	2	1	1/16		1/16	1		-3	63		550
23	23	4/4	5/8	1	1	1/32		1/32	1		-3	75		534
23	23	4/4	21/32	1	1	1/32		1/32	1		2	74		535
23	23	4/4	11/16	2	1	1/16		1/16	1		1	67		551
23	23	4/4	11/16	1	1	1/32		1/32	1		-3	75		536
23	23	4/4	23/32	1	1	1/32		1/32	1		-1	77		537
23	23	4/4	3/4	2	1	1/16		1/16	1		1	55		552
23	23	4/4	3/4	1	1	1/8		1/8	1		-3	75		538
23	23	4/4	13/16	2	1	1/16		1/16	1		-2	58		553
23	23	4/4	7/8	2	1	1/16		1/16	1		-3	63		554
23	23	4/4	7/8	1	1	1/8		1/8	1		-5	73		539
23	23	4/4	15/16	2	1	1/16		1/16	1		1	67		555
24	24	4/4	0	2	1	1/16		1/16	1		-4	56		562
24	24	4/4	0	1	1	1/8		1/8	1		5	71		556
24	24	4/4	1/16	2	1	1/16		1/16	1		0	60		563
24	24	4/4	1/8	2	1	1/16		1/16	1		-3	63		564
24	24	4/4	1/8	1	1	1/8		1/8	1		0	72		557
24	24	4/4	3/16	2	1	1/16		1/16	1		-4	68		565
24	24	4/4	1/4	2	1	1/16		1/16	1		-4	56		566
24	24	4/4	5/16	2	1	1/16		1/16	1		0	60		567
24	24	4/4	3/8	2	1	1/16		1/16	1		-3	63		568
24	24	4/4	3/8	1	1	1/8		1/8	1		0	72		558
24	24	4/4	7/16	2	1	1/16		1/16	1		-4	68		569
24	24	4/4	1/2	2	1	1/16		1/16	1		-4	56		570
24	24	4/4	1/2	1	1	1/8		1/8	1		-3	75		559
24	24	4/4	9/16	2	1	1/16		1/16	1		-2	58		571
24	24	4/4	5/8	2	1	1/16		1/16	1		2	62		572
24	24	4/4	5/8	1	1	1/8		1/8	1		2	74		560
24	24	4/4	11/16	2	1	1/16		1/16	1		-1	65		573
24	24	4/4	3/4	2	1	1/16		1/16	1		-4	56		574
24	24	4/4	13/16	2	1	1/16		1/16	1		-2	58		575
24	24	4/4	7/8	2	1	1/16		1/16	1		2	62		576
24	24	4/4	7/8	1	1	1/8		1/8	1		-2	70		561
24	24	4/4	15/16	2	1	1/16		1/16	1		-1	65		577
25	25	4/4	0	2	2	1/16		1/16	1		1	55		584
25	25	4/4	0	1	1	1/8		1/8	1		-1	77		578
25	25	4/4	1/16	2	2	1/16		1/16	1		-2	58		585
25	25	4/4	1/8	2	2	1/16		1/16	1		-3	63		586
25	25	4/4	1/8	1	1	1/8		1/8	1		-3	75		579
25	25	4/4	3/16	2	2	1/16		1/16	1		1	67		587
25	25	4/4	1/4	2	2	1/16		1/16	1		1	55		588
25	25	4/4	5/16	2	2	1/16		1/16	1		-2	58		589
25	25	4/4	3/8	2	2	1/16		1/16	1		-3	63		590
25	25	4/4	3/8	1	1	1/8		1/8	1		-3	75		580
25	25	4/4	7/16	2	2	1/16		1/16	1		1	67		591
25	25	4/4	1/2	2	2	1/16		1/16	1		3	57		592
25	25	4/4	1/2	1	1	1/8		1/8	1		-1	77		581
25	25	4/4	9/16	2	2	1/16		1/16	1		0	60		593
25	25	4/4	5/8	2	2	1/16		1/16	1		-3	63		594
25	25	4/4	5/8	1	1	1/8		1/8	1		-6	78		582
25	25	4/4	11/16	2	2	1/16		1/16	1		-6	66		595
25	25	4/4	3/4	2	2	1/16		1/16	1		3	57		596
25	25	4/4	13/16	2	2	1/16		1/16	1		0	60		597
25	25	4/4	7/8	2	2	1/16		1/16	1		-3	63		598
25	25	4/4	7/8	1	1	1/8		1/8	1		-3	75		583
25	25	4/4	15/16	2	2	1/16		1/16	1		-6	66		599
26	26	4/4	0	2	2	1/2		1/2	1	1	-2	58		625
26	26	4/4	0	2	1	1/16		1/16	1		-1	65		615
26	26	4/4	0	1	2	1/16		1/16	1		2	74		605
26	26	4/4	1/16	2	1	1/16		1/16	1		-6	66		616
26	26	4/4	1/16	1	2	1/16		1/16	1		-3	75		606
26	26	4/4	1/8	2	1	1/16		1/16	1		-1	65		617
26	26	4/4	1/8	1	2	1/16		1/16	1		2	74		607
26	26	4/4	3/16	2	1	1/16		1/16	1		-3	63		618
26	26	4/4	3/16	1	2	1/16		1/16	1		-6	78		608
26	26	4/4	1/4	2	1	1/16		1/16	1		2	62		619
26	26	4/4	1/4	1	2	1/16		1/16	1		-1	77		609
26	26	4/4	5/16	2	1	1/16		1/16	1		-6	66		620
26	26	4/4	5/16	1	2	1/16		1/16	1		-3	75		610
26	26	4/4	5/16	1	1	1/16		1/16	1		3	81		600
26	26	4/4	3/8	2	1	1/16		1/16	1		-1	65		621
26	26	4/4	3/8	1	2	1/16		1/16	1		2	74		611
26	26	4/4	3/8	1	1	1/16		1/16	1		-2	82		601
26	26	4/4	7/16	2	1	1/16		1/16	1		-3	63		622
26	26	4/4	7/16	1	2	1/16		1/16	1		3	69		612
26	26	4/4	7/16	1	1	1/16		1/16	1		-6	78		602
26	26	4/4	1/2	2	2	1/4		1/4	1	0	-2	58		626
26	26	4/4	1/2	2	1	1/4		1/4	1		-3	63		623
26	26	4/4	1/2	1	2	1/4		1/4	1		3	69		613
26	26	4/4	1/2	1	1	1/4		1/4	1		-6	78		603
26	26	4/4	3/4	2	2	1/8		1/8	1	-1	-2	58		627
26	26	4/4	3/4	2	1	1/8		1/8	1		2	62		624
26	26	4/4	3/4	1	2	1/8		1/8	1		-2	70		614
26	26	4/4	3/4	1	1	1/8		1/8	1		-1	77		604
27	27	4/4	0	2	1	1/16		1/16	1		-3	51		638
27	27	4/4	1/16	2	1	1/16		1/16	1		1	55		639
27	27	4/4	1/16	2	1	1/16		1/16	1		-2	58		639
27	27	4/4	1/8	2	1	1/16		1/16	1		1	55		640
27	27	4/4	1/8	2	1	1/16		1/16	1		-2	58		640
27	27	4/4	3/16	2	1	1/16		1/16	1		1	55		641
27	27	4/4	3/16	2	1	1/16		1/16	1		-2	58		641
27	27	4/4	1/4	2	1	1/16		1/16	1		-3	51		642
27	27	4/4	5/16	2	1	1/16		1/16	1		1	55		643
27	27	4/4	5/16	2	1	1/16		1/16	1		-2	58		643
27	27	4/4	5/16	1	1	1/16		1/16	1		-3	63		628
27	27	4/4	3/8	2	1	1/16		1/16	1		1	55		644
27	27	4/4	3/8	2	1	1/16		1/16	1		-2	58		644
27	27	4/4	3/8	1	1	1/16		1/16	1		1	67		629
27	27	4/4	7/16	2	1	1/16		1/16	1		1	55		645
27	27	4/4	7/16	2	1	1/16		1/16	1		-2	58		645
27	27	4/4	7/16	1	1	1/16		1/16	1		-2	70		630
27	27	4/4	1/2	2	1	1/16		1/16	1		-1	53		646
27	27	4/4	1/2	1	1	1/16		1/16	1		-2	70		631
27	27	4/4	9/16	2	1	1/16		1/16	1		-4	56		647
27	27	4/4	9/16	2	1	1/16		1/16	1		-2	58		647
27	27	4/4	9/16	1	1	1/16		1/16	1		-4	68		632
27	27	4/4	5/8	2	1	1/16		1/16	1		-4	56		648
27	27	4/4	5/8	2	1	1/16		1/16	1		-2	58		648
27	27	4/4	5/8	1	1	1/16		1/16	1		-1	65		633
27	27	4/4	11/16	2	1	1/16		1/16	1		-4	56		649
27	27	4/4	11/16	2	1	1/16		1/16	1		-2	58		649
27	27	4/4	11/16	1	1	1/16		1/16	1		2	62		634
27	27	4/4	3/4	2	1	1/16		1/16	1		-1	53		650
27	27	4/4	13/16	2	1	1/16		1/16	1		-4	56		651
27	27	4/4	13/16	2	1	1/16		1/16	1		-2	58		651
27	27	4/4	13/16	1	1	1/16		1/16	1		2	62		635
27	27	4/4	7/8	2	1	1/16		1/16	1		-4	56		652
27	27	4/4	7/8	2	1	1/16		1/16	1		-2	58		652
27	27	4/4	7/8	1	1	1/16		1/16	1		-1	65		636
27	27	4/4	15/16	2	1	1/16		1/16	1		-4	56		653
27	27	4/4	15/16	2	1	1/16		1/16	1		-2	58		653
27	27	4/4	15/16	1	1	1/16		1/16	1		-4	68		637
28	28	4/4	0	2	1	1/16		1/16	1		-3	51		668
28	28	4/4	0	1	1	1/16		1/16	1		0	72		654
28	28	4/4	1/16	2	1	1/16		1/16	1		1	55		669
28	28	4/4	1/16	2	1	1/16		1/16	1		-2	58		669
28	28	4/4	1/16	1	1	1/16		1/16	1		-2	70		655
28	28	4/4	1/8	2	1	1/16		1/16	1		1	55		670
28	28	4/4	1/8	2	1	1/16		1/16	1		-2	58		670
28	28	4/4	1/8	1	1	1/16		1/16	1		1	67		656
28	28	4/4	3/16	2	1	1/16		1/16	1		1	55		671
28	28	4/4	3/16	2	1	1/16		1/16	1		-2	58		671
28	28	4/4	3/16	1	1	1/16		1/16	1		-3	63		657
28	28	4/4	1/4	2	1	1/16		1/16	1		-3	63		672
28	28	4/4	5/16	2	1	1/16		1/16	1		1	67		673
28	28	4/4	5/16	2	1	1/16		1/16	1		-2	70		673
28	28	4/4	5/16	1	1	1/16		1/16	1		-3	75		658
28	28	4/4	3/8	2	1	1/16		1/16	1		1	67		674
28	28	4/4	3/8	2	1	1/16		1/16	1		-2	70		674
28	28	4/4	3/8	1	1	1/16		1/16	1		1	79		659
28	28	4/4	7/16	2	1	1/16		1/16	1		1	67		675
28	28	4/4	7/16	2	1	1/16		1/16	1		-2	70		675
28	28	4/4	7/16	1	1	1/16		1/16	1		-2	82		660
28	28	4/4	1/2	2	1	1/16		1/16	1		-1	65		676
28	28	4/4	1/2	1	1	1/16		1/16	1		-2	82		661
28	28	4/4	9/16	2	1	1/16		1/16	1		-4	68		677
28	28	4/4	9/16	2	1	1/16		1/16	1		-2	70		677
28	28	4/4	9/16	1	1	1/16		1/16	1		-4	80		662
28	28	4/4	5/8	2	1	1/16		1/16	1		-4	68		678
28	28	4/4	5/8	2	1	1/16		1/16	1		-2	70		678
28	28	4/4	5/8	1	1	1/16		1/16	1		-1	77		663
28	28	4/4	11/16	2	1	1/16		1/16	1		-4	68		679
28	28	4/4	11/16	2	1	1/16		1/16	1		-2	70		679
28	28	4/4	11/16	1	1	1/16		1/16	1		2	74		664
28	28	4/4	3/4	2	1	1/16		1/16	1		-1	65		680
28	28	4/4	13/16	2	1	1/16		1/16	1		-4	68		681
28	28	4/4	13/16	2	1	1/16		1/16	1		-2	70		681
28	28	4/4	13/16	1	1	1/16		1/16	1		2	74		665
28	28	4/4	7/8	2	1	1/16		1/16	1		-4	68		682
28	28	4/4	7/8	2	1	1/16		1/16	1		-2	70		682
28	28	4/4	7/8	1	1	1/16		1/16	1		-1	77		666
28	28	4/4	15/16	2	1	1/16		1/16	1		-4	68		683
28	28	4/4	15/16	2	1	1/16		1/16	1		-2	70		683
28	28	4/4	15/16	1	1	1/16		1/16	1		-4	80		667
29	29	4/4	0	2	1	1/16		1/16	1		-3	63		702
29	29	4/4	0	1	1	1/16		1/16	1		0	84		684
29	29	4/4	1/16	2	1	1/16		1/16	1		1	67		703
29	29	4/4	1/16	2	1	1/16		1/16	1		-2	70		703
29	29	4/4	1/16	1	1	1/16		1/16	1		-2	82		685
29	29	4/4	1/8	2	1	1/16		1/16	1		1	67		704
29	29	4/4	1/8	2	1	1/16		1/16	1		-2	70		704
29	29	4/4	1/8	1	1	1/16		1/16	1		1	79		686
29	29	4/4	3/16	2	1	1/16		1/16	1		1	67		705
29	29	4/4	3/16	2	1	1/16		1/16	1		-2	70		705
29	29	4/4	3/16	1	1	1/16		1/16	1		-3	75		687
29	29	4/4	1/4	2	1	1/16		1/16	1		-3	51		706
29	29	4/4	5/16	2	1	1/16		1/16	1		1	55		707
29	29	4/4	5/16	1	1	1/16		1/16	1		-2	70		688
29	29	4/4	3/8	2	1	1/16		1/16	1		-1	53		708
29	29	4/4	3/8	1	1	1/32		1/32	1		3	69		689
29	29	4/4	13/32	1	1	1/32		1/32	1		-2	70		690
29	29	4/4	7/16	2	1	1/16		1/16	1		-4	56		709
29	29	4/4	7/16	1	1	1/32		1/32	1		2	74		691
29	29	4/4	15/32	1	1	1/32		1/32	1		-2	70		692
29	29	4/4	1/2	2	1	1/16		1/16	1		1	55		710
29	29	4/4	1/2	1	1	1/16		1/16	1		-3	75		693
29	29	4/4	9/16	2	1	1/16		1/16	1		-2	58		711
29	29	4/4	9/16	1	1	1/16		1/16	1		-2	70		694
29	29	4/4	5/8	2	1	1/16		1/16	1		-3	63		712
29	29	4/4	5/8	1	1	1/8		1/8	1	1	-2	70		695
29	29	4/4	11/16	2	1	1/16		1/16	1		1	67		713
29	29	4/4	3/4	2	1	1/16		1/16	1		1	43		714
29	29	4/4	3/4	1	1	1/16		1/16	1	-1	-2	70		696
29	29	4/4	13/16	2	1	1/16		1/16	1		-2	46		715
29	29	4/4	13/16	1	1	1/16		1/16	1		1	67		697
29	29	4/4	7/8	2	1	1/16		1/16	1		-3	51		716
29	29	4/4	7/8	1	1	1/32		1/32	1		-2	70		698
29	29	4/4	29/32	1	1	1/32		1/32	1		1	67		699
29	29	4/4	15/16	2	1	1/16		1/16	1		1	55		717
29	29	4/4	15/16	1	1	1/32		1/32	1		-2	70		700
29	29	4/4	31/32	1	1	1/32		1/32	1		1	67		701
30	30	4/4	0	2	1	1/16		1/16	1		-4	44		739
30	30	4/4	0	1	1	1/16		1/16	1		0	72		718
30	30	4/4	1/16	2	1	1/16		1/16	1		0	48		740
30	30	4/4	1/16	1	1	1/16		1/16	1		-4	68		719
30	30	4/4	1/8	2	1	1/16		1/16	1		-1	53		741
30	30	4/4	1/8	1	1	1/8		1/8	1	1	-4	68		720
30	30	4/4	3/16	2	1	1/16		1/16	1		-4	56		742
30	30	4/4	1/4	2	1	1/16		1/16	1		-4	44		743
30	30	4/4	1/4	1	1	1/16		1/16	1	-1	-4	68		721
30	30	4/4	5/16	2	1	1/16		1/16	1		0	48		744
30	30	4/4	5/16	1	1	1/16		1/16	1		-1	65		722
30	30	4/4	3/8	2	1	1/16		1/16	1		-1	53		745
30	30	4/4	3/8	1	1	1/32		1/32	1		-4	68		723
30	30	4/4	13/32	1	1	1/32		1/32	1		-1	65		724
30	30	4/4	7/16	2	1	1/16		1/16	1		-4	56		746
30	30	4/4	7/16	1	1	1/32		1/32	1		-4	68		725
30	30	4/4	15/32	1	1	1/32		1/32	1		-1	65		726
30	30	4/4	1/2	2	1	1/16		1/16	1		-2	46		747
30	30	4/4	1/2	1	1	1/16		1/16	1		-2	70		727
30	30	4/4	9/16	2	1	1/16		1/16	1		-3	51		748
30	30	4/4	9/16	1	1	1/16		1/16	1	1	1	67		728
30	30	4/4	5/8	2	1	1/16		1/16	1		1	55		749
30	30	4/4	5/8	1	1	1/32		1/32	1	-1	1	67		729
30	30	4/4	21/32	1	1	1/32		1/32	1		-3	63		730
30	30	4/4	11/16	2	1	1/16		1/16	1		-2	58		750
30	30	4/4	11/16	1	1	1/32		1/32	1		1	67		731
30	30	4/4	23/32	1	1	1/32		1/32	1		-3	63		732
30	30	4/4	3/4	2	1	1/16		1/16	1		-2	46		751
30	30	4/4	3/4	1	1	1/16		1/16	1		-4	68		733
30	30	4/4	13/16	2	1	1/16		1/16	1		2	50		752
30	30	4/4	13/16	1	1	1/16		1/16	1	1	-1	65		734
30	30	4/4	7/8	2	1	1/16		1/16	1		-1	53		753
30	30	4/4	7/8	1	1	1/32		1/32	1	-1	-1	65		735
30	30	4/4	29/32	1	1	1/32		1/32	1		2	62		736
30	30	4/4	15/16	2	1	1/16		1/16	1		-4	56		754
30	30	4/4	15/16	1	1	1/32		1/32	1		-1	65		737
30	30	4/4	31/32	1	1	1/32		1/32	1		2	62		738
31	31	4/4	0	2	1	1/8		1/8	1		0	48		782
31	31	4/4	0	2	1	1/8		1/8	1		1	55		782
31	31	4/4	0	1	1	1/32		1/32	1		-1	65		755
31	31	4/4	1/32	1	1	1/32		1/32	1		-3	63		756
31	31	4/4	1/16	1	1	1/32		1/32	1		2	62		757
31	31	4/4	3/32	1	1	1/32		1/32	1		-3	63		758
31	31	4/4	1/8	1	1	1/16		1/16	1		-1	65		759
31	31	4/4	3/16	1	1	1/16		1/16	1		1	67		760
31	31	4/4	1/4	1	1	1/16		1/16	1		-4	68		761
31	31	4/4	5/16	1	1	0	grace32	1/32	1		1	67		762
31	31	4/4	5/16	1	1	1/16		1/16	1		-2	70		763
31	31	4/4	3/8	1	1	0	grace32	1/32	1		-4	68		764
31	31	4/4	3/8	1	1	1/16		1/16	1		0	72		765
31	31	4/4	7/16	1	1	0	grace32	1/32	1		-2	70		766
31	31	4/4	7/16	1	1	1/16		1/16	1		2	74		767
31	31	4/4	1/2	2	1	1/8		1/8	1		1	67		783
31	31	4/4	1/2	2	1	1/8		1/8	1		-2	70		783
31	31	4/4	1/2	1	1	1/32		1/32	1		-3	75		768
31	31	4/4	17/32	1	1	1/32		1/32	1		-2	82		769
31	31	4/4	9/16	1	1	1/32		1/32	1		3	81		770
31	31	4/4	19/32	1	1	1/32		1/32	1		-2	82		771
31	31	4/4	5/8	1	1	1/32		1/32	1		0	84		772
31	31	4/4	21/32	1	1	1/32		1/32	1		-2	82		773
31	31	4/4	11/16	1	1	1/32		1/32	1		3	81		774
31	31	4/4	23/32	1	1	1/32		1/32	1		-2	82		775
31	31	4/4	3/4	2	1	1/8		1/8	1		1	67		784
31	31	4/4	3/4	2	1	1/8		1/8	1		-3	75		784
31	31	4/4	25/32	1	1	1/32		1/32	1		-2	82		776
31	31	4/4	13/16	1	1	1/32		1/32	1		3	81		777
31	31	4/4	27/32	1	1	1/32		1/32	1		-2	82		778
31	31	4/4	7/8	2	1	1/8		1/8	1		1	67		785
31	31	4/4	7/8	2	1	1/8		1/8	1		-3	75		785
31	31	4/4	29/32	1	1	1/32		1/32	1		3	81		779
31	31	4/4	15/16	1	1	1/32		1/32	1		-2	82		780
31	31	4/4	31/32	1	1	1/32		1/32	1		5	83		781
32	32	4/4	0	2	1	1/8		1/8	1		-4	68		807
32	32	4/4	0	2	1	1/8		1/8	1		-3	75		807
32	32	4/4	0	1	1	1/32		1/32	1		0	84		786
32	32	4/4	1/32	1	1	1/32		1/32	1		-1	77		787
32	32	4/4	1/16	1	1	1/32		1/32	1		4	76		788
32	32	4/4	3/32	1	1	1/32		1/32	1		-1	77		789
32	32	4/4	1/8	1	1	1/32		1/32	1		1	79		790
32	32	4/4	5/32	1	1	1/32		1/32	1		-1	77		791
32	32	4/4	3/16	1	1	1/32		1/32	1		4	76		792
32	32	4/4	7/32	1	1	1/32		1/32	1		-1	77		793
32	32	4/4	1/4	2	1	1/8		1/8	1		-4	68		808
32	32	4/4	1/4	2	1	1/8		1/8	1		-3	75		808
32	32	4/4	9/32	1	1	1/32		1/32	1		-1	77		794
32	32	4/4	5/16	1	1	1/32		1/32	1		4	76		795
32	32	4/4	11/32	1	1	1/32		1/32	1		-1	77		796
32	32	4/4	3/8	2	1	1/8		1/8	1		3	69		809
32	32	4/4	3/8	2	1	1/8		1/8	1		-3	75		809
32	32	4/4	13/32	1	1	1/32		1/32	1		4	76		797
32	32	4/4	7/16	1	1	1/32		1/32	1		-1	77		798
32	32	4/4	15/32	1	1	1/32		1/32	1		-6	78		799
32	32	4/4	1/2	2	1	1/4		1/4	1		-2	70		810
32	32	4/4	1/2	2	1	1/4		1/4	1		-3	75		810
32	32	4/4	1/2	1	1	1/16		1/16	1		1	79		800
32	32	4/4	9/16	1	1	1/16		1/16	1		-4	80		801
32	32	4/4	5/8	1	1	1/16		1/16	1		3	81		802
32	32	4/4	11/16	1	1	1/16		1/16	1		-2	82		803
32	32	4/4	3/4	1	1	3/16		1/8	3/2		-1	77		804
32	32	4/4	7/8	2	1	1/8		1/8	1		-2	58		811
32	32	4/4	7/8	2	1	1/8		1/8	1		2	62		811
32	32	4/4	7/8	2	1	1/8		1/8	1		-4	68		811
32	32	4/4	15/16	1	1	1/32		1/32	1		-3	75		805
32	32	4/4	31/32	1	1	1/32		1/32	1		-1	77		806
33	33	4/4	0	2	1	1/16		1/16	1		-3	63		830
33	33	4/4	0	2	1	1/16		1/16	1		1	67		830
33	33	4/4	0	1	1	1/8		1/8	1		-3	75		812
33	33	4/4	1/16	2	1	1/16		1/16	1		1	67		831
33	33	4/4	1/16	2	1	1/16		1/16	1		-2	70		831
33	33	4/4	1/8	2	1	1/16		1/16	1		-1	65		832
33	33	4/4	1/8	2	1	1/16		1/16	1		-4	68		832
33	33	4/4	3/16	2	1	1/16		1/16	1		-3	63		833
33	33	4/4	3/16	2	1	1/16		1/16	1		1	67		833
33	33	4/4	1/4	1	1	0	grace32	1/32	1		2	74		813
33	33	4/4	1/4	1	1	0	grace32	1/32	1		-1	77		814
33	33	4/4	1/4	1	1	1/8		1/8	1		-4	80		815
33	33	4/4	5/16	2	1	1/16		1/16	1		2	62		834
33	33	4/4	5/16	2	1	1/16		1/16	1		-1	65		834
33	33	4/4	3/8	2	1	1/16		1/16	1		0	60		835
33	33	4/4	3/8	2	1	1/16		1/16	1		-3	63		835
33	33	4/4	7/16	2	1	1/16		1/16	1		-2	58		836
33	33	4/4	7/16	2	1	1/16		1/16	1		2	62		836
33	33	4/4	1/2	2	1	1/4		1/4	1		-3	51		837
33	33	4/4	1/2	2	1	1/4		1/4	1		-3	63		837
33	33	4/4	9/16	1	1	1/32		1/32	1		1	79		816
33	33	4/4	19/32	1	1	1/32		1/32	1		-2	82		817
33	33	4/4	5/8	1	1	1/32		1/32	1		-4	80		818
33	33	4/4	21/32	1	1	1/32		1/32	1		-1	77		819
33	33	4/4	11/16	1	1	1/32		1/32	1		-3	75		820
33	33	4/4	23/32	1	1	1/32		1/32	1		1	79		821
33	33	4/4	3/4	1	1	1/32		1/32	1		-1	77		822
33	33	4/4	25/32	1	1	1/32		1/32	1		2	74		823
33	33	4/4	13/16	1	1	1/32		1/32	1		0	72		824
33	33	4/4	27/32	1	1	1/32		1/32	1		-3	75		825
33	33	4/4	7/8	1	1	1/32		1/32	1		2	74		826
33	33	4/4	29/32	1	1	1/32		1/32	1		-2	70		827
33	33	4/4	15/16	1	1	1/32		1/32	1		-4	68		828
33	33	4/4	31/32	1	1	1/32		1/32	1		0	72		829
34	34	4/4	0	2	2	1/4		1/4	1		-3	63		855
34	34	4/4	0	2	1	1/4		1/4	1		1	67		850
34	34	4/4	0	1	1	3/16		1/8	3/2		-2	70		838
34	34	4/4	3/16	1	1	1/16		1/16	1		0	72		839
34	34	4/4	1/4	2	2	1/4		1/4	1		-3	63		856
34	34	4/4	1/4	2	1	1/4		1/4	1		1	67		851
34	34	4/4	1/4	1	1	1/8		1/8	1		-2	70		840
34	34	4/4	3/8	1	1	1/8		1/8	1	1	-2	70		841
34	34	4/4	1/2	2	2	1/4		1/4	1		2	62		857
34	34	4/4	1/2	2	1	1/4		1/4	1		-1	65		852
34	34	4/4	1/2	1	1	1/16		1/16	1	-1	-2	70		842
34	34	4/4	9/16	1	1	1/16		1/16	1		5	71		843
34	34	4/4	5/8	1	1	1/16		1/16	1		0	72		844
34	34	4/4	11/16	1	1	1/16		1/16	1		2	74		845
34	34	4/4	3/4	2	2	1/4		1/4	1		0	60		858
34	34	4/4	3/4	2	1	3/16		1/8	3/2		1	67		853
34	34	4/4	3/4	1	1	1/16		1/16	1		-3	75		846
34	34	4/4	13/16	1	1	1/16		1/16	1		-1	77		847
34	34	4/4	7/8	1	1	1/16		1/16	1		1	79		848
34	34	4/4	15/16	2	1	1/16		1/16	1		3	69		854
34	34	4/4	15/16	1	1	1/16		1/16	1		-3	75		849
35	35	4/4	0	1	1	0	grace16	1/16	1		-1	77		859
35	35	4/4	0	2	2	1/4		1/4	1		-2	58		879
35	35	4/4	0	2	1	1/4		1/4	1		-2	70		875
35	35	4/4	0	1	1	1/8		1/8	1		-3	75		860
35	35	4/4	1/8	1	1	1/4		1/4	1		2	74		861
35	35	4/4	1/4	2	2	1/4		1/4	1		2	62		880
35	35	4/4	1/4	2	1	1/4		1/4	1		-4	68		876
35	35	4/4	3/8	1	1	1/8		1/8	1	1	0	72		862
35	35	4/4	1/2	2	2	1/8		1/8	1		-3	63		881
35	35	4/4	1/2	2	1	1/8		1/8	1		1	67		877
35	35	4/4	1/2	1	1	1/24		1/16	2/3	-1	0	72		863
35	35	4/4	13/24	1	1	1/24		1/16	2/3		-2	70		864
35	35	4/4	7/12	1	1	1/24		1/16	2/3		2	74		865
35	35	4/4	5/8	1	1	1/24		1/16	2/3		-3	75		866
35	35	4/4	2/3	1	1	1/24		1/16	2/3		1	79		867
35	35	4/4	17/24	1	1	1/24		1/16	2/3		5	71		868
35	35	4/4	3/4	2	1	1/8		1/8	1		-4	56		878
35	35	4/4	3/4	2	1	1/8		1/8	1		-4	68		878
35	35	4/4	3/4	1	1	1/24		1/16	2/3		0	72		869
35	35	4/4	19/24	1	1	1/24		1/16	2/3		-3	75		870
35	35	4/4	5/6	1	1	1/24		1/16	2/3		1	67		871
35	35	4/4	7/8	1	1	1/24		1/16	2/3		-4	68		872
35	35	4/4	11/12	1	1	1/24		1/16	2/3		0	72		873
35	35	4/4	23/24	1	1	1/24		1/16	2/3		-1	65		874
36	36	4/4	0	1	1	3/8		1/4	3/2		-3	63		882
36	36	4/4	1/8	2	1	1/8		1/8	1		-2	46		887
36	36	4/4	1/8	2	1	1/8		1/8	1		1	55		887
36	36	4/4	1/4	2	1	1/8		1/8	1		-2	46		888
36	36	4/4	1/4	2	1	1/8		1/8	1		1	55		888
36	36	4/4	3/8	1	1	0	grace16	1/16	1		1	67		883
36	36	4/4	3/8	2	1	1/8		1/8	1		-2	46		889
36	36	4/4	3/8	2	1	1/8		1/8	1		-4	56		889
36	36	4/4	3/8	1	1	1/8		1/8	1		2	62		884
36	36	4/4	3/8	1	1	1/8		1/8	1		-1	65		884
36	36	4/4	1/2	2	1	1/4		1/4	1		-3	51		890
36	36	4/4	1/2	2	1	1/4		1/4	1		-4	56		890
36	36	4/4	1/2	1	1	1/4		1/4	1		2	62		885
36	36	4/4	1/2	1	1	1/4		1/4	1		-1	65		885
36	36	4/4	3/4	2	1	1/8		1/8	1		-3	51		891
36	36	4/4	3/4	2	1	1/8		1/8	1		1	55		891
36	36	4/4	3/4	1	1	1/8		1/8	1		-3	63		886
