mc	mn	quarterbeats	quarterbeats_all_endings	duration_qb	volta	mc_onset	mn_onset	timesig	staff	voice	duration	gracenote	nominal_duration	scalar	tied	tpc	midi	name	octave	chord_id
1	1	0	0	1.0		0	0	4/4	2	2	1/4		1/4	1		0	60	C4	4	23
1	1	0	0	0.25		0	0	4/4	2	1	1/16		1/16	1		4	64	E4	4	7
1	1	0	0	0.5		0	0	4/4	1	1	1/8		1/8	1		0	72	C5	5	0
1	1	1/4	1/4	0.25		1/16	1/16	4/4	2	1	1/16		1/16	1		1	67	G4	4	8
1	1	1/2	1/2	0.25		1/8	1/8	4/4	2	1	1/16		1/16	1		4	64	E4	4	9
1	1	1/2	1/2	0.5		1/8	1/8	4/4	1	1	1/8		1/8	1		0	72	C5	5	1
1	1	3/4	3/4	0.25		3/16	3/16	4/4	2	1	1/16		1/16	1		1	67	G4	4	10
1	1	1	1	0.25		1/4	1/4	4/4	2	1	1/16		1/16	1		4	64	E4	4	11
1	1	1	1	0.5		1/4	1/4	4/4	1	1	1/8		1/8	1		0	72	C5	5	2
1	1	5/4	5/4	0.25		5/16	5/16	4/4	2	1	1/16		1/16	1		1	67	G4	4	12
1	1	3/2	3/2	0.25		3/8	3/8	4/4	2	1	1/16		1/16	1		4	64	E4	4	13
1	1	3/2	3/2	0.5		3/8	3/8	4/4	1	1	1/8		1/8	1		0	72	C5	5	3
1	1	7/4	7/4	0.25		7/16	7/16	4/4	2	1	1/16		1/16	1		1	67	G4	4	14
1	1	2	2	1.0		1/2	1/2	4/4	2	2	1/4		1/4	1		2	62	D4	4	24
1	1	2	2	0.25		1/2	1/2	4/4	2	1	1/16		1/16	1		-1	65	F4	4	15
1	1	2	2	0.5		1/2	1/2	4/4	1	1	1/8		1/8	1		5	71	B4	4	4
1	1	9/4	9/4	0.25		9/16	9/16	4/4	2	1	1/16		1/16	1		1	67	G4	4	16
1	1	5/2	5/2	0.25		5/8	5/8	4/4	2	1	1/16		1/16	1		-1	65	F4	4	17
1	1	5/2	5/2	0.5		5/8	5/8	4/4	1	1	1/8		1/8	1		-1	77	F5	5	5
1	1	11/4	11/4	0.25		11/16	11/16	4/4	2	1	1/16		1/16	1		1	67	G4	4	18
1	1	3	3	0.5		3/4	3/4	4/4	2	2	1/8		1/8	1		5	59	B3	3	25
1	1	3	3	0.25		3/4	3/4	4/4	2	1	1/16		1/16	1		2	62	D4	4	19
1	1	3	3	1.0		3/4	3/4	4/4	1	1	1/4		1/4	1		-1	77	F5	5	6
1	1	13/4	13/4	0.25		13/16	13/16	4/4	2	1	1/16		1/16	1		1	67	G4	4	20
1	1	7/2	7/2	0.5		7/8	7/8	4/4	2	2	1/8		1/8	1		1	55	G3	3	26
1	1	7/2	7/2	0.25		7/8	7/8	4/4	2	1	1/16		1/16	1		5	59	B3	3	21
1	1	15/4	15/4	0.25		15/16	15/16	4/4	2	1	1/16		1/16	1		1	67	G4	4	22
2	2	4	4	0.25		0	0	4/4	2	2	1/16		1/16	1		0	60	C4	4	52
2	2	4	4	1.0		0	0	4/4	1	1	1/4		1/4	1		4	76	E5	5	27
2	2	17/4	17/4	0.25		1/16	1/16	4/4	2	2	1/16		1/16	1		1	67	G4	4	53
2	2	9/2	9/2	0.25		1/8	1/8	4/4	2	2	1/16		1/16	1		5	59	B3	3	54
2	2	19/4	19/4	0.25		3/16	3/16	4/4	2	2	1/16		1/16	1		1	67	G4	4	55
2	2	5	5	0.0		1/4	1/4	4/4	1	1	0	grace16	1/16	1		1	79	G5	5	28
2	2	5	5	0.25		1/4	1/4	4/4	2	1	1/16		1/16	1		3	57	A3	3	40
2	2	5	5	0.5		1/4	1/4	4/4	1	1	1/8		1/8	1		-1	77	F5	5	29
2	2	21/4	21/4	0.25		5/16	5/16	4/4	2	1	1/16		1/16	1		0	60	C4	4	41
2	2	11/2	11/2	0.25		3/8	3/8	4/4	2	1	1/16		1/16	1		-1	53	F3	3	42
2	2	11/2	11/2	0.25		3/8	3/8	4/4	1	1	1/16		1/16	1		4	76	E5	5	30
2	2	23/4	23/4	0.25		7/16	7/16	4/4	2	1	1/16		1/16	1		-1	65	F4	4	43
2	2	23/4	23/4	0.25		7/16	7/16	4/4	1	1	1/16		1/16	1		2	74	D5	5	31
2	2	6	6	1.5		1/2	1/2	4/4	2	2	3/8		1/4	3/2		1	55	G3	3	56
2	2	6	6	0.25		1/2	1/2	4/4	2	1	1/16		1/16	1		4	64	E4	4	44
2	2	6	6	0.25		1/2	1/2	4/4	1	1	1/16		1/16	1		0	72	C5	5	32
2	2	25/4	25/4	0.25		9/16	9/16	4/4	2	1	1/16		1/16	1		2	62	D4	4	45
2	2	25/4	25/4	0.25		9/16	9/16	4/4	1	1	1/16		1/16	1		5	71	B4	4	33
2	2	13/2	13/2	0.25		5/8	5/8	4/4	2	1	1/16		1/16	1		0	60	C4	4	46
2	2	13/2	13/2	0.25		5/8	5/8	4/4	1	1	1/16		1/16	1		3	69	A4	4	34
2	2	27/4	27/4	0.25		11/16	11/16	4/4	2	1	1/16		1/16	1		5	59	B3	3	47
2	2	27/4	27/4	0.25		11/16	11/16	4/4	1	1	1/16		1/16	1		1	67	G4	4	35
2	2	7	7	0.25		3/4	3/4	4/4	2	1	1/16		1/16	1		0	60	C4	4	48
2	2	7	7	0.25		3/4	3/4	4/4	1	1	1/16		1/16	1		3	69	A4	4	36
2	2	29/4	29/4	0.25		13/16	13/16	4/4	2	1	1/16		1/16	1		5	59	B3	3	49
2	2	29/4	29/4	0.25		13/16	13/16	4/4	1	1	1/16		1/16	1		1	67	G4	4	37
2	2	15/2	15/2	0.5		7/8	7/8	4/4	2	2	1/8		1/8	1		-1	53	F3	3	57
2	2	15/2	15/2	0.25		7/8	7/8	4/4	2	1	1/16		1/16	1		0	60	C4	4	50
2	2	15/2	15/2	0.25		7/8	7/8	4/4	1	1	1/16		1/16	1		3	69	A4	4	38
2	2	31/4	31/4	0.25		15/16	15/16	4/4	2	1	1/16		1/16	1		2	62	D4	4	51
2	2	31/4	31/4	0.25		15/16	15/16	4/4	1	1	1/16		1/16	1		5	71	B4	4	39
3	3	8	8	1.0		0	0	4/4	2	2	1/4		1/4	1		4	52	E3	3	81
3	3	8	8	0.25		0	0	4/4	2	1	1/16		1/16	1		1	55	G3	3	65
3	3	8	8	0.5		0	0	4/4	1	1	1/8		1/8	1		0	72	C5	5	58
3	3	33/4	33/4	0.25		1/16	1/16	4/4	2	1	1/16		1/16	1		0	60	C4	4	66
3	3	17/2	17/2	0.25		1/8	1/8	4/4	2	1	1/16		1/16	1		1	55	G3	3	67
3	3	17/2	17/2	0.5		1/8	1/8	4/4	1	1	1/8		1/8	1		0	72	C5	5	59
3	3	35/4	35/4	0.25		3/16	3/16	4/4	2	1	1/16		1/16	1		0	60	C4	4	68
3	3	9	9	0.5		1/4	1/4	4/4	2	2	1/8		1/8	1		2	50	D3	3	82
3	3	9	9	0.25		1/4	1/4	4/4	2	1	1/16		1/16	1		-1	53	F3	3	69
3	3	9	9	0.5		1/4	1/4	4/4	1	1	1/8		1/8	1		0	72	C5	5	60
3	3	37/4	37/4	0.25		5/16	5/16	4/4	2	1	1/16		1/16	1		0	60	C4	4	70
3	3	19/2	19/2	0.5		3/8	3/8	4/4	2	2	1/8		1/8	1		0	48	C3	3	83
3	3	19/2	19/2	0.25		3/8	3/8	4/4	2	1	1/16		1/16	1		4	52	E3	3	71
3	3	19/2	19/2	0.5		3/8	3/8	4/4	1	1	1/8		1/8	1		0	72	C5	5	61
3	3	39/4	39/4	0.25		7/16	7/16	4/4	2	1	1/16		1/16	1		0	60	C4	4	72
3	3	10	10	1.0		1/2	1/2	4/4	2	2	1/4		1/4	1		2	50	D3	3	84
3	3	10	10	0.25		1/2	1/2	4/4	2	1	1/16		1/16	1		-1	53	F3	3	73
3	3	10	10	0.5		1/2	1/2	4/4	1	1	1/8		1/8	1		5	71	B4	4	62
3	3	41/4	41/4	0.25		9/16	9/16	4/4	2	1	1/16		1/16	1		1	55	G3	3	74
3	3	21/2	21/2	0.25		5/8	5/8	4/4	2	1	1/16		1/16	1		-1	53	F3	3	75
3	3	21/2	21/2	0.5		5/8	5/8	4/4	1	1	1/8		1/8	1		-1	77	F5	5	63
3	3	43/4	43/4	0.25		11/16	11/16	4/4	2	1	1/16		1/16	1		1	55	G3	3	76
3	3	11	11	0.5		3/4	3/4	4/4	2	2	1/8		1/8	1		5	47	B2	2	85
3	3	11	11	0.25		3/4	3/4	4/4	2	1	1/16		1/16	1		2	50	D3	3	77
3	3	11	11	1.0		3/4	3/4	4/4	1	1	1/4		1/4	1		-1	77	F5	5	64
3	3	45/4	45/4	0.25		13/16	13/16	4/4	2	1	1/16		1/16	1		1	55	G3	3	78
3	3	23/2	23/2	0.5		7/8	7/8	4/4	2	2	1/8		1/8	1		1	43	G2	2	86
3	3	23/2	23/2	0.25		7/8	7/8	4/4	2	1	1/16		1/16	1		5	47	B2	2	79
3	3	47/4	47/4	0.25		15/16	15/16	4/4	2	1	1/16		1/16	1		1	55	G3	3	80
4	4	12	12	0.0		0	0	4/4	1	1	0	grace16	1/16	1		-1	77	F5	5	87
4	4	12	12	0.25		0	0	4/4	2	2	1/16		1/16	1		0	48	C3	3	99
4	4	12	12	0.5		0	0	4/4	1	1	1/8		1/8	1		4	76	E5	5	88
4	4	49/4	49/4	0.25		1/16	1/16	4/4	2	2	1/16		1/16	1		1	55	G3	3	100
4	4	25/2	25/2	0.5		1/8	1/8	4/4	2	2	1/8		1/8	1		-1	53	F3	3	101
4	4	25/2	25/2	0.25		1/8	1/8	4/4	2	1	1/16		1/16	1		3	57	A3	3	95
4	4	25/2	25/2	0.25		1/8	1/8	4/4	1	1	1/16		1/16	1		-1	77	F5	5	89
4	4	51/4	51/4	0.25		3/16	3/16	4/4	2	1	1/16		1/16	1		-1	65	F4	4	96
4	4	51/4	51/4	0.25		3/16	3/16	4/4	1	1	1/16		1/16	1		2	74	D5	5	90
4	4	13	13	0.5		1/4	1/4	4/4	2	2	1/8		1/8	1		1	55	G3	3	102
4	4	13	13	0.5		1/4	1/4	4/4	2	1	1/8		1/8	1		4	64	E4	4	97
4	4	13	13	0.5		1/4	1/4	4/4	1	1	1/8		1/8	1		0	72	C5	5	91
4	4	27/2	27/2	0.5		3/8	3/8	4/4	2	2	1/8		1/8	1		1	55	G3	3	103
4	4	27/2	27/2	0.5		3/8	3/8	4/4	2	1	1/8		1/8	1		2	62	D4	4	98
4	4	27/2	27/2	0.5		3/8	3/8	4/4	1	1	1/8		1/8	1		-1	65	F4	4	92
4	4	27/2	27/2	0.5		3/8	3/8	4/4	1	1	1/8		1/8	1		5	71	B4	4	92
4	4	14	14	0.5		1/2	1/2	4/4	2	2	1/8		1/8	1		0	60	C4	4	104
4	4	14	14	1.0		1/2	1/2	4/4	1	1	1/4		1/4	1		2	62	D4	4	93
4	4	14	14	1.0		1/2	1/2	4/4	1	1	1/4		1/4	1		-1	65	F4	4	93
4	4	14	14	1.0		1/2	1/2	4/4	1	1	1/4		1/4	1		5	71	B4	4	93
4	4	29/2	29/2	0.5		5/8	5/8	4/4	2	2	1/8		1/8	1		1	55	G3	3	105
4	4	15	15	0.5		3/4	3/4	4/4	2	2	1/8		1/8	1		0	48	C3	3	106
4	4	15	15	0.5		3/4	3/4	4/4	1	1	1/8		1/8	1		4	64	E4	4	94
4	4	15	15	0.5		3/4	3/4	4/4	1	1	1/8		1/8	1		1	67	G4	4	94
4	4	15	15	0.5		3/4	3/4	4/4	1	1	1/8		1/8	1		0	72	C5	5	94
5	5	16	16	0.25		0	0	4/4	2	1	1/16		1/16	1		0	60	C4	4	114
5	5	16	16	1.0		0	0	4/4	1	1	1/4		1/4	1		4	76	E5	5	107
5	5	65/4	65/4	0.25		1/16	1/16	4/4	2	1	1/16		1/16	1		1	67	G4	4	115
5	5	33/2	33/2	0.25		1/8	1/8	4/4	2	1	1/16		1/16	1		4	64	E4	4	116
5	5	67/4	67/4	0.25		3/16	3/16	4/4	2	1	1/16		1/16	1		1	67	G4	4	117
5	5	17	17	0.25		1/4	1/4	4/4	2	1	1/16		1/16	1		5	59	B3	3	118
5	5	17	17	0.75		1/4	1/4	4/4	1	1	3/16		1/8	3/2		1	79	G5	5	108
5	5	69/4	69/4	0.25		5/16	5/16	4/4	2	1	1/16		1/16	1		1	67	G4	4	119
5	5	35/2	35/2	0.25		3/8	3/8	4/4	2	1	1/16		1/16	1		2	62	D4	4	120
5	5	71/4	71/4	0.25		7/16	7/16	4/4	2	1	1/16		1/16	1		1	67	G4	4	121
5	5	71/4	71/4	0.25		7/16	7/16	4/4	1	1	1/16		1/16	1		-1	77	F5	5	109
5	5	18	18	0.25		1/2	1/2	4/4	2	1	1/16		1/16	1		0	60	C4	4	122
5	5	18	18	0.5		1/2	1/2	4/4	1	1	1/8		1/8	1		4	76	E5	5	110
5	5	73/4	73/4	0.25		9/16	9/16	4/4	2	1	1/16		1/16	1		1	67	G4	4	123
5	5	37/2	37/2	0.25		5/8	5/8	4/4	2	1	1/16		1/16	1		2	62	D4	4	124
5	5	75/4	75/4	0.25		11/16	11/16	4/4	2	1	1/16		1/16	1		1	67	G4	4	125
5	5	151/8	151/8	0.125		23/32	23/32	4/4	1	1	1/32		1/32	1		2	74	D5	5	111
5	5	19	19	0.25		3/4	3/4	4/4	2	1	1/16		1/16	1		4	64	E4	4	126
5	5	19	19	0.5		3/4	3/4	4/4	1	1	1/8		1/8	1		0	72	C5	5	112
5	5	77/4	77/4	0.25		13/16	13/16	4/4	2	1	1/16		1/16	1		1	67	G4	4	127
5	5	39/2	39/2	0.25		7/8	7/8	4/4	2	1	1/16		1/16	1		0	60	C4	4	128
5	5	79/4	79/4	0.25		15/16	15/16	4/4	2	1	1/16		1/16	1		1	67	G4	4	129
5	5	159/8	159/8	0.125		31/32	31/32	4/4	1	1	1/32		1/32	1		4	76	E5	5	113
6	6	20	20	0.25		0	0	4/4	2	1	1/16		1/16	1		5	59	B3	3	137
6	6	20	20	0.5		0	0	4/4	1	1	1/8		1/8	1		2	74	D5	5	130
6	6	81/4	81/4	0.25		1/16	1/16	4/4	2	1	1/16		1/16	1		2	62	D4	4	138
6	6	41/2	41/2	0.25		1/8	1/8	4/4	2	1	1/16		1/16	1		3	57	A3	3	139
6	6	83/4	83/4	0.25		3/16	3/16	4/4	2	1	1/16		1/16	1		0	60	C4	4	140
6	6	167/8	167/8	0.125		7/32	7/32	4/4	1	1	1/32		1/32	1		6	78	F#5	5	131
6	6	21	21	0.25		1/4	1/4	4/4	2	1	1/16		1/16	1		5	59	B3	3	141
6	6	21	21	0.5		1/4	1/4	4/4	1	1	1/8		1/8	1		1	79	G5	5	132
6	6	85/4	85/4	0.25		5/16	5/16	4/4	2	1	1/16		1/16	1		2	62	D4	4	142
6	6	43/2	43/2	0.25		3/8	3/8	4/4	2	1	1/16		1/16	1		1	55	G3	3	143
6	6	87/4	87/4	0.25		7/16	7/16	4/4	2	1	1/16		1/16	1		5	59	B3	3	144
6	6	175/8	175/8	0.125		15/32	15/32	4/4	1	1	1/32		1/32	1		5	83	B5	5	133
6	6	22	22	0.25		1/2	1/2	4/4	2	1	1/16		1/16	1		3	57	A3	3	145
6	6	22	22	0.5		1/2	1/2	4/4	1	1	1/8		1/8	1		2	74	D5	5	134
6	6	89/4	89/4	0.25		9/16	9/16	4/4	2	1	1/16		1/16	1		2	62	D4	4	146
6	6	45/2	45/2	0.25		5/8	5/8	4/4	2	1	1/16		1/16	1		6	54	F#3	3	147
6	6	45/2	45/2	0.5		5/8	5/8	4/4	1	1	1/8		1/8	1		0	72	C5	5	135
6	6	91/4	91/4	0.25		11/16	11/16	4/4	2	1	1/16		1/16	1		2	62	D4	4	148
6	6	23	23	0.25		3/4	3/4	4/4	2	1	1/16		1/16	1		1	55	G3	3	149
6	6	23	23	0.5		3/4	3/4	4/4	1	1	1/8		1/8	1		5	71	B4	4	136
6	6	93/4	93/4	0.25		13/16	13/16	4/4	2	1	1/16		1/16	1		6	54	F#3	3	150
6	6	47/2	47/2	0.25		7/8	7/8	4/4	2	1	1/16		1/16	1		4	52	E3	3	151
6	6	95/4	95/4	0.25		15/16	15/16	4/4	2	1	1/16		1/16	1		2	50	D3	3	152
7	7	24	24	0.25		0	0	4/4	2	1	1/16		1/16	1		0	48	C3	3	166
7	7	24	24	1.0		0	0	4/4	1	1	1/4		1/4	1		3	69	A4	4	153
7	7	97/4	97/4	0.25		1/16	1/16	4/4	2	1	1/16		1/16	1		4	52	E3	3	167
7	7	49/2	49/2	0.25		1/8	1/8	4/4	2	1	1/16		1/16	1		3	57	A3	3	168
7	7	99/4	99/4	0.25		3/16	3/16	4/4	2	1	1/16		1/16	1		0	60	C4	4	169
7	7	25	25	0.25		1/4	1/4	4/4	2	1	1/16		1/16	1		4	64	E4	4	170
7	7	25	25	0.25		1/4	1/4	4/4	1	1	1/16		1/16	1		0	72	C5	5	154
7	7	101/4	101/4	0.25		5/16	5/16	4/4	2	1	1/16		1/16	1		2	62	D4	4	171
7	7	101/4	101/4	0.25		5/16	5/16	4/4	1	1	1/16		1/16	1		5	71	B4	4	155
7	7	51/2	51/2	0.25		3/8	3/8	4/4	2	1	1/16		1/16	1		0	60	C4	4	172
7	7	51/2	51/2	0.25		3/8	3/8	4/4	1	1	1/16		1/16	1		3	69	A4	4	156
7	7	103/4	103/4	0.25		7/16	7/16	4/4	2	1	1/16		1/16	1		5	59	B3	3	173
7	7	103/4	103/4	0.25		7/16	7/16	4/4	1	1	1/16		1/16	1		1	67	G4	4	157
7	7	26	26	0.25		1/2	1/2	4/4	2	1	1/16		1/16	1		3	57	A3	3	174
7	7	26	26	0.25		1/2	1/2	4/4	1	1	1/16		1/16	1		6	66	F#4	4	158
7	7	105/4	105/4	0.25		9/16	9/16	4/4	2	1	1/16		1/16	1		5	59	B3	3	175
7	7	105/4	105/4	0.25		9/16	9/16	4/4	1	1	1/16		1/16	1		1	67	G4	4	159
7	7	53/2	53/2	0.25		5/8	5/8	4/4	2	1	1/16		1/16	1		0	60	C4	4	176
7	7	53/2	53/2	0.25		5/8	5/8	4/4	1	1	1/16		1/16	1		3	69	A4	4	160
7	7	107/4	107/4	0.25		11/16	11/16	4/4	2	1	1/16		1/16	1		5	59	B3	3	177
7	7	107/4	107/4	0.25		11/16	11/16	4/4	1	1	1/16		1/16	1		5	71	B4	4	161
7	7	27	27	0.25		3/4	3/4	4/4	2	1	1/16		1/16	1		3	57	A3	3	178
7	7	27	27	0.25		3/4	3/4	4/4	1	1	1/16		1/16	1		0	72	C5	5	162
7	7	109/4	109/4	0.25		13/16	13/16	4/4	2	1	1/16		1/16	1		5	59	B3	3	179
7	7	109/4	109/4	0.25		13/16	13/16	4/4	1	1	1/16		1/16	1		2	74	D5	5	163
7	7	55/2	55/2	0.25		7/8	7/8	4/4	2	1	1/16		1/16	1		0	60	C4	4	180
7	7	55/2	55/2	0.25		7/8	7/8	4/4	1	1	1/16		1/16	1		4	76	E5	5	164
7	7	111/4	111/4	0.25		15/16	15/16	4/4	2	1	1/16		1/16	1		3	57	A3	3	181
7	7	111/4	111/4	0.25		15/16	15/16	4/4	1	1	1/16		1/16	1		6	78	F#5	5	165
8	8	28	28	0.25		0	0	4/4	2	1	1/16		1/16	1		5	59	B3	3	192
8	8	28	28	0.25		0	0	4/4	1	1	1/16		1/16	1		1	79	G5	5	182
8	8	113/4	113/4	0.25		1/16	1/16	4/4	2	1	1/16		1/16	1		6	54	F#3	3	193
8	8	113/4	113/4	0.25		1/16	1/16	4/4	1	1	1/16		1/16	1		3	81	A5	5	183
8	8	57/2	57/2	0.25		1/8	1/8	4/4	2	1	1/16		1/16	1		1	55	G3	3	194
8	8	57/2	57/2	0.25		1/8	1/8	4/4	1	1	1/16		1/16	1		5	83	B5	5	184
8	8	115/4	115/4	0.25		3/16	3/16	4/4	2	1	1/16		1/16	1		3	57	A3	3	195
8	8	115/4	115/4	0.25		3/16	3/16	4/4	1	1	1/16		1/16	1		0	84	C6	6	185
8	8	29	29	0.25		1/4	1/4	4/4	2	1	1/16		1/16	1		5	59	B3	3	196
8	8	29	29	0.25		1/4	1/4	4/4	1	1	1/16		1/16	1		2	86	D6	6	186
8	8	117/4	117/4	0.25		5/16	5/16	4/4	2	1	1/16		1/16	1		1	55	G3	3	197
8	8	117/4	117/4	0.25		5/16	5/16	4/4	1	1	1/16		1/16	1		5	83	B5	5	187
8	8	59/2	59/2	0.25		3/8	3/8	4/4	2	1	1/16		1/16	1		0	60	C4	4	198
8	8	59/2	59/2	0.25		3/8	3/8	4/4	1	1	1/16		1/16	1		4	88	E6	6	188
8	8	119/4	119/4	0.25		7/16	7/16	4/4	2	1	1/16		1/16	1		3	57	A3	3	199
8	8	119/4	119/4	0.25		7/16	7/16	4/4	1	1	1/16		1/16	1		0	84	C6	6	189
8	8	30	30	0.25		1/2	1/2	4/4	2	1	1/16		1/16	1		2	62	D4	4	200
8	8	30	30	1.0		1/2	1/2	4/4	1	1	1/4		1/4	1		1	79	G5	5	190
8	8	30	30	1.0		1/2	1/2	4/4	1	1	1/4		1/4	1		5	83	B5	5	190
8	8	121/4	121/4	0.25		9/16	9/16	4/4	2	1	1/16		1/16	1		1	67	G4	4	201
8	8	61/2	61/2	0.25		5/8	5/8	4/4	2	1	1/16		1/16	1		4	64	E4	4	202
8	8	123/4	123/4	0.25		11/16	11/16	4/4	2	1	1/16		1/16	1		7	61	C#4	4	203
8	8	31	31	0.25		3/4	3/4	4/4	2	1	1/16		1/16	1		2	62	D4	4	204
8	8	31	31	0.5		3/4	3/4	4/4	1	1	1/8		1/8	1		6	78	F#5	5	191
8	8	31	31	0.5		3/4	3/4	4/4	1	1	1/8		1/8	1		3	81	A5	5	191
8	8	125/4	125/4	0.25		13/16	13/16	4/4	2	1	1/16		1/16	1		0	60	C4	4	205
8	8	63/2	63/2	0.25		7/8	7/8	4/4	2	1	1/16		1/16	1		5	59	B3	3	206
8	8	127/4	127/4	0.25		15/16	15/16	4/4	2	1	1/16		1/16	1		3	57	A3	3	207
9	9	32	32	0.25		0	0	4/4	2	1	1/16		1/16	1		1	55	G3	3	221
9	9	32	32	0.75		0	0	4/4	1	1	3/16		1/8	3/2		2	74	D5	5	208
9	9	129/4	129/4	0.25		1/16	1/16	4/4	2	1	1/16		1/16	1		2	62	D4	4	222
9	9	65/2	65/2	0.25		1/8	1/8	4/4	2	1	1/16		1/16	1		5	59	B3	3	223
9	9	131/4	131/4	0.25		3/16	3/16	4/4	2	1	1/16		1/16	1		2	62	D4	4	224
9	9	131/4	131/4	0.125		3/16	3/16	4/4	1	1	1/32		1/32	1		4	76	E5	5	209
9	9	263/8	263/8	0.125		7/32	7/32	4/4	1	1	1/32		1/32	1		6	78	F#5	5	210
9	9	33	33	0.25		1/4	1/4	4/4	2	1	1/16		1/16	1		1	55	G3	3	225
9	9	33	33	0.25		1/4	1/4	4/4	1	1	1/16		1/16	1		1	79	G5	5	211
9	9	133/4	133/4	0.25		5/16	5/16	4/4	2	1	1/16		1/16	1		2	62	D4	4	226
9	9	133/4	133/4	0.25		5/16	5/16	4/4	1	1	1/16		1/16	1		6	78	F#5	5	212
9	9	67/2	67/2	0.25		3/8	3/8	4/4	2	1	1/16		1/16	1		5	59	B3	3	227
9	9	67/2	67/2	0.25		3/8	3/8	4/4	1	1	1/16		1/16	1		4	76	E5	5	213
9	9	135/4	135/4	0.25		7/16	7/16	4/4	2	1	1/16		1/16	1		2	62	D4	4	228
9	9	135/4	135/4	0.25		7/16	7/16	4/4	1	1	1/16		1/16	1		2	74	D5	5	214
9	9	34	34	0.25		1/2	1/2	4/4	2	1	1/16		1/16	1		3	57	A3	3	229
9	9	34	34	0.25		1/2	1/2	4/4	1	1	1/16		1/16	1		2	74	D5	5	215
9	9	137/4	137/4	0.25		9/16	9/16	4/4	2	1	1/16		1/16	1		2	62	D4	4	230
9	9	137/4	137/4	0.125		9/16	9/16	4/4	1	1	1/32		1/32	1		0	72	C5	5	216
9	9	69/2	69/2	0.25		5/8	5/8	4/4	2	1	1/16		1/16	1		0	60	C4	4	231
9	9	69/2	69/2	0.25		5/8	5/8	4/4	1	1	1/16		1/16	1		5	71	B4	4	217
9	9	139/4	139/4	0.25		11/16	11/16	4/4	2	1	1/16		1/16	1		2	62	D4	4	232
9	9	139/4	139/4	0.125		11/16	11/16	4/4	1	1	1/32		1/32	1		3	69	A4	4	218
9	9	35	35	0.25		3/4	3/4	4/4	2	1	1/16		1/16	1		3	57	A3	3	233
9	9	35	35	0.5		3/4	3/4	4/4	1	1	1/8		1/8	1		1	67	G4	4	219
9	9	141/4	141/4	0.25		13/16	13/16	4/4	2	1	1/16		1/16	1		2	62	D4	4	234
9	9	71/2	71/2	0.25		7/8	7/8	4/4	2	1	1/16		1/16	1		0	60	C4	4	235
9	9	71/2	71/2	0.25		7/8	7/8	4/4	1	1	1/16		1/16	1		6	66	F#4	4	220
9	9	143/4	143/4	0.25		15/16	15/16	4/4	2	1	1/16		1/16	1		2	62	D4	4	236
10	10	36	36	0.25		0	0	4/4	2	1	1/16		1/16	1		1	55	G3	3	256
10	10	36	36	0.75		0	0	4/4	1	1	3/16		1/8	3/2		2	74	D5	5	237
10	10	145/4	145/4	0.25		1/16	1/16	4/4	2	1	1/16		1/16	1		2	62	D4	4	257
10	10	73/2	73/2	0.25		1/8	1/8	4/4	2	1	1/16		1/16	1		5	59	B3	3	258
10	10	147/4	147/4	0.25		3/16	3/16	4/4	2	1	1/16		1/16	1		2	62	D4	4	259
10	10	147/4	147/4	0.125		3/16	3/16	4/4	1	1	1/32		1/32	1		4	76	E5	5	238
10	10	295/8	295/8	0.125		7/32	7/32	4/4	1	1	1/32		1/32	1		6	78	F#5	5	239
10	10	37	37	0.25		1/4	1/4	4/4	2	1	1/16		1/16	1		1	55	G3	3	260
10	10	37	37	0.125		1/4	1/4	4/4	1	1	1/32		1/32	1		1	79	G5	5	240
10	10	297/8	297/8	0.125		9/32	9/32	4/4	1	1	1/32		1/32	1		3	81	A5	5	241
10	10	149/4	149/4	0.25		5/16	5/16	4/4	2	1	1/16		1/16	1		2	62	D4	4	261
10	10	149/4	149/4	0.125		5/16	5/16	4/4	1	1	1/32		1/32	1		5	83	B5	5	242
10	10	299/8	299/8	0.125		11/32	11/32	4/4	1	1	1/32		1/32	1		6	78	F#5	5	243
10	10	75/2	75/2	0.25		3/8	3/8	4/4	2	1	1/16		1/16	1		5	59	B3	3	262
10	10	75/2	75/2	0.125		3/8	3/8	4/4	1	1	1/32		1/32	1		1	79	G5	5	244
10	10	301/8	301/8	0.125		13/32	13/32	4/4	1	1	1/32		1/32	1		2	74	D5	5	245
10	10	151/4	151/4	0.25		7/16	7/16	4/4	2	1	1/16		1/16	1		2	62	D4	4	263
10	10	151/4	151/4	0.125		7/16	7/16	4/4	1	1	1/32		1/32	1		4	76	E5	5	246
10	10	303/8	303/8	0.125		15/32	15/32	4/4	1	1	1/32		1/32	1		5	71	B4	4	247
10	10	38	38	0.25		1/2	1/2	4/4	2	1	1/16		1/16	1		3	57	A3	3	264
10	10	38	38	0.25		1/2	1/2	4/4	1	1	1/16		1/16	1		2	74	D5	5	248
10	10	153/4	153/4	0.25		9/16	9/16	4/4	2	1	1/16		1/16	1		2	62	D4	4	265
10	10	153/4	153/4	0.125		9/16	9/16	4/4	1	1	1/32		1/32	1		2	74	D5	5	249
10	10	307/8	307/8	0.125		19/32	19/32	4/4	1	1	1/32		1/32	1		0	72	C5	5	250
10	10	77/2	77/2	0.25		5/8	5/8	4/4	2	1	1/16		1/16	1		0	60	C4	4	266
10	10	77/2	77/2	0.25		5/8	5/8	4/4	1	1	1/16		1/16	1		5	71	B4	4	251
10	10	155/4	155/4	0.25		11/16	11/16	4/4	2	1	1/16		1/16	1		2	62	D4	4	267
10	10	155/4	155/4	0.125		11/16	11/16	4/4	1	1	1/32		1/32	1		5	71	B4	4	252
10	10	311/8	311/8	0.125		23/32	23/32	4/4	1	1	1/32		1/32	1		3	69	A4	4	253
10	10	39	39	0.25		3/4	3/4	4/4	2	1	1/16		1/16	1		3	57	A3	3	268
10	10	39	39	0.5		3/4	3/4	4/4	1	1	1/8		1/8	1		1	67	G4	4	254
10	10	157/4	157/4	0.25		13/16	13/16	4/4	2	1	1/16		1/16	1		2	62	D4	4	269
10	10	79/2	79/2	0.25		7/8	7/8	4/4	2	1	1/16		1/16	1		0	60	C4	4	270
10	10	79/2	79/2	0.25		7/8	7/8	4/4	1	1	1/16		1/16	1		6	66	F#4	4	255
10	10	159/4	159/4	0.25		15/16	15/16	4/4	2	1	1/16		1/16	1		2	62	D4	4	271
11	11	40	40	0.25		0	0	4/4	2	1	1/16		1/16	1		5	59	B3	3	282
11	11	40	40	0.25		0	0	4/4	1	1	1/16		1/16	1		1	67	G4	4	272
11	11	161/4	161/4	0.25		1/16	1/16	4/4	2	1	1/16		1/16	1		1	67	G4	4	283
11	11	161/4	161/4	0.25		1/16	1/16	4/4	1	1	1/16		1/16	1		1	79	G5	5	273
11	11	81/2	81/2	0.25		1/8	1/8	4/4	2	1	1/16		1/16	1		2	62	D4	4	284
11	11	81/2	81/2	1.0		1/8	1/8	4/4	1	1	1/4		1/4	1		1	79	G5	5	274
11	11	163/4	163/4	0.25		3/16	3/16	4/4	2	1	1/16		1/16	1		1	67	G4	4	285
11	11	41	41	0.25		1/4	1/4	4/4	2	1	1/16		1/16	1		5	59	B3	3	286
11	11	165/4	165/4	0.25		5/16	5/16	4/4	2	1	1/16		1/16	1		1	67	G4	4	287
11	11	83/2	83/2	0.25		3/8	3/8	4/4	2	1	1/16		1/16	1		2	62	D4	4	288
11	11	83/2	83/2	0.5		3/8	3/8	4/4	1	1	1/8		1/8	1		-1	77	F5	5	275
11	11	167/4	167/4	0.25		7/16	7/16	4/4	2	1	1/16		1/16	1		1	67	G4	4	289
11	11	42	42	0.25		1/2	1/2	4/4	2	1	1/16		1/16	1		0	60	C4	4	290
11	11	42	42	0.5		1/2	1/2	4/4	1	1	1/8		1/8	1		9	75	D#5	5	276
11	11	169/4	169/4	0.25		9/16	9/16	4/4	2	1	1/16		1/16	1		1	67	G4	4	291
11	11	85/2	85/2	0.25		5/8	5/8	4/4	2	1	1/16		1/16	1		4	64	E4	4	292
11	11	85/2	85/2	0.5		5/8	5/8	4/4	1	1	1/8		1/8	1		4	76	E5	5	277
11	11	171/4	171/4	0.25		11/16	11/16	4/4	2	1	1/16		1/16	1		1	67	G4	4	293
11	11	43	43	0.0		3/4	3/4	4/4	1	1	0	grace16	1/16	1		3	81	A5	5	278
11	11	43	43	0.25		3/4	3/4	4/4	2	1	1/16		1/16	1		0	60	C4	4	294
11	11	43	43	0.5		3/4	3/4	4/4	1	1	1/8		1/8	1		1	79	G5	5	279
11	11	173/4	173/4	0.25		13/16	13/16	4/4	2	1	1/16		1/16	1		1	67	G4	4	295
11	11	87/2	87/2	0.25		7/8	7/8	4/4	2	1	1/16		1/16	1		4	64	E4	4	296
11	11	87/2	87/2	0.25		7/8	7/8	4/4	1	1	1/16		1/16	1		6	78	F#5	5	280
11	11	175/4	175/4	0.25		15/16	15/16	4/4	2	1	1/16		1/16	1		1	67	G4	4	297
11	11	175/4	175/4	0.25		15/16	15/16	4/4	1	1	1/16		1/16	1		4	76	E5	5	281
12	12	44	44	0.0		0	0	4/4	1	1	0	grace16	1/16	1		4	76	E5	5	298
12	12	44	44	0.25		0	0	4/4	2	1	1/16		1/16	1		5	59	B3	3	308
12	12	44	44	0.5		0	0	4/4	1	1	1/8		1/8	1		2	74	D5	5	299
12	12	177/4	177/4	0.25		1/16	1/16	4/4	2	1	1/16		1/16	1		1	67	G4	4	309
12	12	89/2	89/2	0.25		1/8	1/8	4/4	2	1	1/16		1/16	1		0	60	C4	4	310
12	12	89/2	89/2	0.25		1/8	1/8	4/4	1	1	1/16		1/16	1		4	76	E5	5	300
12	12	179/4	179/4	0.25		3/16	3/16	4/4	2	1	1/16		1/16	1		3	69	A4	4	311
12	12	179/4	179/4	0.25		3/16	3/16	4/4	1	1	1/16		1/16	1		0	72	C5	5	301
12	12	45	45	0.25		1/4	1/4	4/4	2	1	1/16		1/16	1		2	62	D4	4	312
12	12	45	45	0.5		1/4	1/4	4/4	1	1	1/8		1/8	1		5	71	B4	4	302
12	12	181/4	181/4	0.25		5/16	5/16	4/4	2	1	1/16		1/16	1		1	67	G4	4	313
12	12	91/2	91/2	0.25		3/8	3/8	4/4	2	1	1/16		1/16	1		0	60	C4	4	314
12	12	91/2	91/2	0.5		3/8	3/8	4/4	1	1	1/8		1/8	1		3	69	A4	4	303
12	12	183/4	183/4	0.25		7/16	7/16	4/4	2	1	1/16		1/16	1		6	66	F#4	4	315
12	12	46	46	0.25		1/2	1/2	4/4	2	1	1/16		1/16	1		5	59	B3	3	316
12	12	46	46	0.25		1/2	1/2	4/4	1	1	1/16		1/16	1		1	67	G4	4	304
12	12	185/4	185/4	0.25		9/16	9/16	4/4	2	1	1/16		1/16	1		1	67	G4	4	317
12	12	185/4	185/4	0.25		9/16	9/16	4/4	1	1	1/16		1/16	1		1	79	G5	5	305
12	12	93/2	93/2	0.25		5/8	5/8	4/4	2	1	1/16		1/16	1		2	62	D4	4	318
12	12	93/2	93/2	1.0		5/8	5/8	4/4	1	1	1/4		1/4	1		1	79	G5	5	306
12	12	187/4	187/4	0.25		11/16	11/16	4/4	2	1	1/16		1/16	1		1	67	G4	4	319
12	12	47	47	0.25		3/4	3/4	4/4	2	1	1/16		1/16	1		5	59	B3	3	320
12	12	189/4	189/4	0.25		13/16	13/16	4/4	2	1	1/16		1/16	1		1	67	G4	4	321
12	12	95/2	95/2	0.25		7/8	7/8	4/4	2	1	1/16		1/16	1		2	62	D4	4	322
12	12	95/2	95/2	0.5		7/8	7/8	4/4	1	1	1/8		1/8	1		-1	77	F5	5	307
12	12	191/4	191/4	0.25		15/16	15/16	4/4	2	1	1/16		1/16	1		1	67	G4	4	323
13	13	48	48	1.0		0	0	4/4	2	1	1/4		1/4	1		0	60	C4	4	346
13	13	48	48	1.0		0	0	4/4	2	1	1/4		1/4	1		1	67	G4	4	346
13	13	48	48	0.5		0	0	4/4	1	1	1/8		1/8	1		9	75	D#5	5	324
13	13	97/2	97/2	0.5		1/8	1/8	4/4	1	1	1/8		1/8	1		4	76	E5	5	325
13	13	99/2	99/2	0.0		3/8	3/8	4/4	1	1	0	grace32	1/32	1		3	81	A5	5	326
13	13	99/2	99/2	0.25		3/8	3/8	4/4	1	1	1/16		1/16	1		1	79	G5	5	327
13	13	199/4	199/4	0.125		7/16	7/16	4/4	1	1	1/32		1/32	1		6	78	F#5	5	328
13	13	399/8	399/8	0.125		15/32	15/32	4/4	1	1	1/32		1/32	1		4	76	E5	5	329
13	13	50	50	0.5		1/2	1/2	4/4	2	1	1/8		1/8	1		5	59	B3	3	347
13	13	50	50	0.5		1/2	1/2	4/4	2	1	1/8		1/8	1		1	67	G4	4	347
13	13	50	50	0.125		1/2	1/2	4/4	1	1	1/32		1/32	1		7	73	C#5	5	330
13	13	401/8	401/8	0.125		17/32	17/32	4/4	1	1	1/32		1/32	1		2	74	D5	5	331
13	13	201/4	201/4	0.125		9/16	9/16	4/4	1	1	1/32		1/32	1		7	73	C#5	5	332
13	13	403/8	403/8	0.125		19/32	19/32	4/4	1	1	1/32		1/32	1		2	74	D5	5	333
13	13	101/2	101/2	0.0		5/8	5/8	4/4	1	1	0	grace32	1/32	1		6	78	F#5	5	334
13	13	101/2	101/2	0.5		5/8	5/8	4/4	2	1	1/8		1/8	1		0	60	C4	4	348
13	13	101/2	101/2	0.5		5/8	5/8	4/4	2	1	1/8		1/8	1		1	67	G4	4	348
13	13	101/2	101/2	0.25		5/8	5/8	4/4	1	1	1/16		1/16	1		4	76	E5	5	335
13	13	203/4	203/4	0.125		11/16	11/16	4/4	1	1	1/32		1/32	1		2	74	D5	5	336
13	13	407/8	407/8	0.125		23/32	23/32	4/4	1	1	1/32		1/32	1		0	72	C5	5	337
13	13	51	51	0.5		3/4	3/4	4/4	2	1	1/8		1/8	1		2	62	D4	4	349
13	13	51	51	0.5		3/4	3/4	4/4	2	1	1/8		1/8	1		1	67	G4	4	349
13	13	51	51	0.125		3/4	3/4	4/4	1	1	1/32		1/32	1		10	70	A#4	4	338
13	13	409/8	409/8	0.125		25/32	25/32	4/4	1	1	1/32		1/32	1		5	71	B4	4	339
13	13	205/4	205/4	0.125		13/16	13/16	4/4	1	1	1/32		1/32	1		10	70	A#4	4	340
13	13	411/8	411/8	0.125		27/32	27/32	4/4	1	1	1/32		1/32	1		5	71	B4	4	341
13	13	103/2	103/2	0.0		7/8	7/8	4/4	1	1	0	grace32	1/32	1		2	74	D5	5	342
13	13	103/2	103/2	0.5		7/8	7/8	4/4	2	1	1/8		1/8	1		2	62	D4	4	350
13	13	103/2	103/2	0.5		7/8	7/8	4/4	2	1	1/8		1/8	1		6	66	F#4	4	350
13	13	103/2	103/2	0.25		7/8	7/8	4/4	1	1	1/16		1/16	1		0	72	C5	5	343
13	13	207/4	207/4	0.125		15/16	15/16	4/4	1	1	1/32		1/32	1		5	71	B4	4	344
13	13	415/8	415/8	0.125		31/32	31/32	4/4	1	1	1/32		1/32	1		3	69	A4	4	345
14	14		52	0.5	1	0	0	4/4	2	1	1/8		1/8	1		1	55	G3	3	362
14	14		52	0.5	1	0	0	4/4	1	1	1/8		1/8	1		1	67	G4	4	351
14	14		52	0.5	1	0	0	4/4	2	1	1/8		1/8	1		1	67	G4	4	362
14	14		105/2	0.125	1	1/8	1/8	4/4	1	1	1/32		1/32	1		0	72	C5	5	352
14	14		421/8	0.125	1	5/32	5/32	4/4	1	1	1/32		1/32	1		5	71	B4	4	353
14	14		211/4	0.125	1	3/16	3/16	4/4	1	1	1/32		1/32	1		0	72	C5	5	354
14	14		423/8	0.125	1	7/32	7/32	4/4	1	1	1/32		1/32	1		3	69	A4	4	355
14	14		53	0.5	1	1/4	1/4	4/4	1	1	1/8		1/8	1		1	67	G4	4	356
14	14		107/2	0.125	1	3/8	3/8	4/4	1	1	1/32		1/32	1		0	72	C5	5	357
14	14		429/8	0.125	1	13/32	13/32	4/4	1	1	1/32		1/32	1		5	71	B4	4	358
14	14		215/4	0.125	1	7/16	7/16	4/4	1	1	1/32		1/32	1		0	72	C5	5	359
14	14		431/8	0.125	1	15/32	15/32	4/4	1	1	1/32		1/32	1		3	69	A4	4	360
14	14		54	0.5	1	1/2	1/2	4/4	1	1	1/8		1/8	1		1	67	G4	4	361
14	14		217/4	0.25	1	9/16	9/16	4/4	2	1	1/16		1/16	1		6	66	F#4	4	363
14	14		109/2	0.25	1	5/8	5/8	4/4	2	1	1/16		1/16	1		1	67	G4	4	364
14	14		219/4	0.25	1	11/16	11/16	4/4	2	1	1/16		1/16	1		8	68	G#4	4	365
14	14		55	0.25	1	3/4	3/4	4/4	2	1	1/16		1/16	1		3	69	A4	4	366
14	14		221/4	0.25	1	13/16	13/16	4/4	2	1	1/16		1/16	1		-1	65	F4	4	367
14	14		111/2	0.25	1	7/8	7/8	4/4	2	1	1/16		1/16	1		2	62	D4	4	368
14	14		223/4	0.25	1	15/16	15/16	4/4	2	1	1/16		1/16	1		5	59	B3	3	369
15	14	52	56	0.5	2	0	0	4/4	2	1	1/8		1/8	1		1	55	G3	3	381
15	14	52	56	0.5	2	0	0	4/4	1	1	1/8		1/8	1		1	67	G4	4	370
15	14	105/2	113/2	0.125	2	1/8	1/8	4/4	1	1	1/32		1/32	1		0	72	C5	5	371
15	14	421/8	453/8	0.125	2	5/32	5/32	4/4	1	1	1/32		1/32	1		5	71	B4	4	372
15	14	211/4	227/4	0.125	2	3/16	3/16	4/4	1	1	1/32		1/32	1		0	72	C5	5	373
15	14	423/8	455/8	0.125	2	7/32	7/32	4/4	1	1	1/32		1/32	1		3	69	A4	4	374
15	14	53	57	0.5	2	1/4	1/4	4/4	1	1	1/8		1/8	1		1	67	G4	4	375
15	14	107/2	115/2	0.125	2	3/8	3/8	4/4	1	1	1/32		1/32	1		0	72	C5	5	376
15	14	429/8	461/8	0.125	2	13/32	13/32	4/4	1	1	1/32		1/32	1		5	71	B4	4	377
15	14	215/4	231/4	0.125	2	7/16	7/16	4/4	1	1	1/32		1/32	1		0	72	C5	5	378
15	14	431/8	463/8	0.125	2	15/32	15/32	4/4	1	1	1/32		1/32	1		3	69	A4	4	379
15	14	54	58	0.5	2	1/2	1/2	4/4	1	1	1/8		1/8	1		1	67	G4	4	380
15	14	217/4	233/4	0.25	2	9/16	9/16	4/4	2	1	1/16		1/16	1		6	66	F#4	4	382
15	14	109/2	117/2	0.25	2	5/8	5/8	4/4	2	1	1/16		1/16	1		1	67	G4	4	383
15	14	219/4	235/4	0.25	2	11/16	11/16	4/4	2	1	1/16		1/16	1		3	69	A4	4	384
15	14	55	59	0.25	2	3/4	3/4	4/4	2	1	1/16		1/16	1		-2	70	Bb4	4	385
15	14	221/4	237/4	0.25	2	13/16	13/16	4/4	2	1	1/16		1/16	1		1	67	G4	4	386
15	14	111/2	119/2	0.25	2	7/8	7/8	4/4	2	1	1/16		1/16	1		4	64	E4	4	387
15	14	223/4	239/4	0.25	2	15/16	15/16	4/4	2	1	1/16		1/16	1		2	62	D4	4	388
16	15	56	60	0.5		0	0	4/4	2	1	1/8		1/8	1		7	61	C#4	4	397
16	15	225/4	241/4	0.25		1/16	1/16	4/4	1	1	1/16		1/16	1		6	78	F#5	5	389
16	15	113/2	121/2	0.25		1/8	1/8	4/4	1	1	1/16		1/16	1		1	79	G5	5	390
16	15	227/4	243/4	0.25		3/16	3/16	4/4	1	1	1/16		1/16	1		3	81	A5	5	391
16	15	57	61	0.25		1/4	1/4	4/4	1	1	1/16		1/16	1		-2	82	Bb5	5	392
16	15	229/4	245/4	0.25		5/16	5/16	4/4	1	1	1/16		1/16	1		1	79	G5	5	393
16	15	115/2	123/2	0.25		3/8	3/8	4/4	1	1	1/16		1/16	1		4	76	E5	5	394
16	15	231/4	247/4	0.25		7/16	7/16	4/4	1	1	1/16		1/16	1		2	74	D5	5	395
16	15	58	62	0.5		1/2	1/2	4/4	1	1	1/8		1/8	1		7	73	C#5	5	396
16	15	233/4	249/4	0.25		9/16	9/16	4/4	2	1	1/16		1/16	1		6	66	F#4	4	398
16	15	117/2	125/2	0.25		5/8	5/8	4/4	2	1	1/16		1/16	1		1	67	G4	4	399
16	15	235/4	251/4	0.25		11/16	11/16	4/4	2	1	1/16		1/16	1		3	69	A4	4	400
16	15	59	63	0.0		3/4	3/4	4/4	2	1	0	grace32	1/32	1		0	72	C5	5	401
16	15	59	63	0.25		3/4	3/4	4/4	2	1	1/16		1/16	1		-2	70	Bb4	4	402
16	15	237/4	253/4	0.125		13/16	13/16	4/4	2	1	1/32		1/32	1		3	69	A4	4	403
16	15	475/8	507/8	0.125		27/32	27/32	4/4	2	1	1/32		1/32	1		1	67	G4	4	404
16	15	119/2	127/2	0.0		7/8	7/8	4/4	2	1	0	grace32	1/32	1		1	67	G4	4	405
16	15	119/2	127/2	0.25		7/8	7/8	4/4	2	1	1/16		1/16	1		-1	65	F4	4	406
16	15	239/4	255/4	0.125		15/16	15/16	4/4	2	1	1/32		1/32	1		4	64	E4	4	407
16	15	479/8	511/8	0.125		31/32	31/32	4/4	2	1	1/32		1/32	1		2	62	D4	4	408
17	16	60	64	0.5		0	0	4/4	2	1	1/8		1/8	1		7	61	C#4	4	424
17	16	241/4	257/4	0.25		1/16	1/16	4/4	1	1	1/16		1/16	1		6	78	F#5	5	409
17	16	121/2	129/2	0.25		1/8	1/8	4/4	1	1	1/16		1/16	1		1	79	G5	5	410
17	16	243/4	259/4	0.25		3/16	3/16	4/4	1	1	1/16		1/16	1		3	81	A5	5	411
17	16	61	65	0.0		1/4	1/4	4/4	1	1	0	grace32	1/32	1		0	84	C6	6	412
17	16	61	65	0.25		1/4	1/4	4/4	1	1	1/16		1/16	1		-2	82	Bb5	5	413
17	16	245/4	261/4	0.125		5/16	5/16	4/4	1	1	1/32		1/32	1		3	81	A5	5	414
17	16	491/8	523/8	0.125		11/32	11/32	4/4	1	1	1/32		1/32	1		1	79	G5	5	415
17	16	123/2	131/2	0.0		3/8	3/8	4/4	1	1	0	grace32	1/32	1		3	81	A5	5	416
17	16	123/2	131/2	0.25		3/8	3/8	4/4	1	1	1/16		1/16	1		1	79	G5	5	417
17	16	247/4	263/4	0.125		7/16	7/16	4/4	1	1	1/32		1/32	1		-1	77	F5	5	418
17	16	495/8	527/8	0.125		15/32	15/32	4/4	1	1	1/32		1/32	1		4	76	E5	5	419
17	16	62	66	1.0		1/2	1/2	4/4	2	2	1/4		1/4	1		2	62	D4	4	433
17	16	62	66	0.25		1/2	1/2	4/4	2	1	1/16		1/16	1		-1	65	F4	4	425
17	16	62	66	0.5		1/2	1/2	4/4	1	1	1/8		1/8	1		2	74	D5	5	420
17	16	249/4	265/4	0.25		9/16	9/16	4/4	2	1	1/16		1/16	1		3	69	A4	4	426
17	16	125/2	133/2	0.25		5/8	5/8	4/4	2	1	1/16		1/16	1		-1	65	F4	4	427
17	16	125/2	133/2	0.5		5/8	5/8	4/4	1	1	1/8		1/8	1		2	74	D5	5	421
17	16	251/4	267/4	0.25		11/16	11/16	4/4	2	1	1/16		1/16	1		3	69	A4	4	428
17	16	63	67	0.25		3/4	3/4	4/4	2	1	1/16		1/16	1		-1	65	F4	4	429
17	16	63	67	0.5		3/4	3/4	4/4	1	1	1/8		1/8	1		2	74	D5	5	422
17	16	253/4	269/4	0.25		13/16	13/16	4/4	2	1	1/16		1/16	1		3	69	A4	4	430
17	16	127/2	135/2	0.25		7/8	7/8	4/4	2	1	1/16		1/16	1		-1	65	F4	4	431
17	16	127/2	135/2	0.5		7/8	7/8	4/4	1	1	1/8		1/8	1		2	74	D5	5	423
17	16	255/4	271/4	0.25		15/16	15/16	4/4	2	1	1/16		1/16	1		3	69	A4	4	432
18	17	64	68	1.0		0	0	4/4	2	2	1/4		1/4	1		4	64	E4	4	458
18	17	64	68	0.25		0	0	4/4	2	1	1/16		1/16	1		1	67	G4	4	442
18	17	64	68	0.5		0	0	4/4	1	1	1/8		1/8	1		7	73	C#5	5	434
18	17	257/4	273/4	0.25		1/16	1/16	4/4	2	1	1/16		1/16	1		3	69	A4	4	443
18	17	129/2	137/2	0.25		1/8	1/8	4/4	2	1	1/16		1/16	1		1	67	G4	4	444
18	17	129/2	137/2	0.5		1/8	1/8	4/4	1	1	1/8		1/8	1		1	79	G5	5	435
18	17	259/4	275/4	0.25		3/16	3/16	4/4	2	1	1/16		1/16	1		3	69	A4	4	445
18	17	65	69	0.5		1/4	1/4	4/4	2	2	1/8		1/8	1		7	61	C#4	4	459
18	17	65	69	0.25		1/4	1/4	4/4	2	1	1/16		1/16	1		4	64	E4	4	446
18	17	65	69	1.0		1/4	1/4	4/4	1	1	1/4		1/4	1		1	79	G5	5	436
18	17	261/4	277/4	0.25		5/16	5/16	4/4	2	1	1/16		1/16	1		3	69	A4	4	447
18	17	131/2	139/2	0.5		3/8	3/8	4/4	2	2	1/8		1/8	1		3	57	A3	3	460
18	17	131/2	139/2	0.25		3/8	3/8	4/4	2	1	1/16		1/16	1		7	61	C#4	4	448
18	17	263/4	279/4	0.25		7/16	7/16	4/4	2	1	1/16		1/16	1		3	69	A4	4	449
18	17	66	70	0.25		1/2	1/2	4/4	2	1	1/16		1/16	1		2	62	D4	4	450
18	17	66	70	1.0		1/2	1/2	4/4	1	1	1/4		1/4	1		-1	77	F5	5	437
18	17	265/4	281/4	0.25		9/16	9/16	4/4	2	1	1/16		1/16	1		3	69	A4	4	451
18	17	133/2	141/2	0.25		5/8	5/8	4/4	2	1	1/16		1/16	1		-1	65	F4	4	452
18	17	267/4	283/4	0.25		11/16	11/16	4/4	2	1	1/16		1/16	1		3	69	A4	4	453
18	17	67	71	0.0		3/4	3/4	4/4	1	1	0	grace16	1/16	1		3	81	A5	5	438
18	17	67	71	0.25		3/4	3/4	4/4	2	1	1/16		1/16	1		7	61	C#4	4	454
18	17	67	71	0.5		3/4	3/4	4/4	1	1	1/8		1/8	1		1	79	G5	5	439
18	17	269/4	285/4	0.25		13/16	13/16	4/4	2	1	1/16		1/16	1		3	69	A4	4	455
18	17	135/2	143/2	0.25		7/8	7/8	4/4	2	1	1/16		1/16	1		0	60	C4	4	456
18	17	135/2	143/2	0.25		7/8	7/8	4/4	1	1	1/16		1/16	1		-1	77	F5	5	440
18	17	271/4	287/4	0.25		15/16	15/16	4/4	2	1	1/16		1/16	1		3	69	A4	4	457
18	17	271/4	287/4	0.25		15/16	15/16	4/4	1	1	1/16		1/16	1		4	76	E5	5	441
19	18	68	72	0.25		0	0	4/4	2	2	1/16		1/16	1		5	59	B3	3	478
19	18	68	72	1.0		0	0	4/4	1	1	1/4		1/4	1		2	74	D5	5	461
19	18	273/4	289/4	0.25		1/16	1/16	4/4	2	2	1/16		1/16	1		3	69	A4	4	479
19	18	137/2	145/2	0.25		1/8	1/8	4/4	2	2	1/16		1/16	1		5	59	B3	3	480
19	18	275/4	291/4	0.25		3/16	3/16	4/4	2	2	1/16		1/16	1		-4	68	Ab4	4	481
19	18	69	73	0.0		1/4	1/4	4/4	1	1	0	grace16	1/16	1		1	79	G5	5	462
19	18	69	73	0.25		1/4	1/4	4/4	2	2	1/16		1/16	1		5	59	B3	3	482
19	18	69	73	0.5		1/4	1/4	4/4	1	1	1/8		1/8	1		-1	77	F5	5	463
19	18	277/4	293/4	0.25		5/16	5/16	4/4	2	2	1/16		1/16	1		1	67	G4	4	483
19	18	139/2	147/2	0.25		3/8	3/8	4/4	2	2	1/16		1/16	1		5	59	B3	3	484
19	18	139/2	147/2	0.25		3/8	3/8	4/4	1	1	1/16		1/16	1		4	76	E5	5	464
19	18	279/4	295/4	0.25		7/16	7/16	4/4	2	2	1/16		1/16	1		-1	65	F4	4	485
19	18	279/4	295/4	0.25		7/16	7/16	4/4	1	1	1/16		1/16	1		2	74	D5	5	465
19	18	70	74	1.0		1/2	1/2	4/4	2	2	1/4		1/4	1		0	60	C4	4	486
19	18	70	74	0.25		1/2	1/2	4/4	2	1	1/16		1/16	1		4	64	E4	4	470
19	18	70	74	0.5		1/2	1/2	4/4	1	1	1/8		1/8	1		0	72	C5	5	466
19	18	281/4	297/4	0.25		9/16	9/16	4/4	2	1	1/16		1/16	1		1	67	G4	4	471
19	18	141/2	149/2	0.25		5/8	5/8	4/4	2	1	1/16		1/16	1		4	64	E4	4	472
19	18	141/2	149/2	0.5		5/8	5/8	4/4	1	1	1/8		1/8	1		0	72	C5	5	467
19	18	283/4	299/4	0.25		11/16	11/16	4/4	2	1	1/16		1/16	1		1	67	G4	4	473
19	18	71	75	0.25		3/4	3/4	4/4	2	1	1/16		1/16	1		4	64	E4	4	474
19	18	71	75	0.5		3/4	3/4	4/4	1	1	1/8		1/8	1		0	72	C5	5	468
19	18	285/4	301/4	0.25		13/16	13/16	4/4	2	1	1/16		1/16	1		1	67	G4	4	475
19	18	143/2	151/2	0.25		7/8	7/8	4/4	2	1	1/16		1/16	1		4	64	E4	4	476
19	18	143/2	151/2	0.5		7/8	7/8	4/4	1	1	1/8		1/8	1		0	72	C5	5	469
19	18	287/4	303/4	0.25		15/16	15/16	4/4	2	1	1/16		1/16	1		1	67	G4	4	477
20	19	72	76	1.0		0	0	4/4	2	2	1/4		1/4	1		2	62	D4	4	506
20	19	72	76	0.25		0	0	4/4	2	1	1/16		1/16	1		-1	65	F4	4	497
20	19	72	76	0.5		0	0	4/4	1	1	1/8		1/8	1		5	71	B4	4	487
20	19	289/4	305/4	0.25		1/16	1/16	4/4	2	1	1/16		1/16	1		1	67	G4	4	498
20	19	145/2	153/2	0.25		1/8	1/8	4/4	2	1	1/16		1/16	1		-1	65	F4	4	499
20	19	145/2	153/2	0.5		1/8	1/8	4/4	1	1	1/8		1/8	1		-1	77	F5	5	488
20	19	291/4	307/4	0.25		3/16	3/16	4/4	2	1	1/16		1/16	1		1	67	G4	4	500
20	19	73	77	0.5		1/4	1/4	4/4	2	2	1/8		1/8	1		5	59	B3	3	507
20	19	73	77	0.5		1/4	1/4	4/4	2	1	1/8		1/8	1		8	68	G#4	4	501
20	19	73	77	0.5		1/4	1/4	4/4	1	1	1/8		1/8	1		-1	77	F5	5	489
20	19	74	78	0.5		1/2	1/2	4/4	2	1	1/8		1/8	1		3	57	A3	3	502
20	19	297/4	313/4	0.25		9/16	9/16	4/4	1	1	1/16		1/16	1		4	76	E5	5	490
20	19	149/2	157/2	0.5		5/8	5/8	4/4	2	1	1/8		1/8	1		3	57	A3	3	503
20	19	149/2	157/2	0.25		5/8	5/8	4/4	1	1	1/16		1/16	1		9	75	D#5	5	491
20	19	299/4	315/4	0.25		11/16	11/16	4/4	1	1	1/16		1/16	1		4	76	E5	5	492
20	19	75	79	0.5		3/4	3/4	4/4	2	1	1/8		1/8	1		3	57	A3	3	504
20	19	75	79	0.25		3/4	3/4	4/4	1	1	1/16		1/16	1		2	74	D5	5	493
20	19	301/4	317/4	0.25		13/16	13/16	4/4	1	1	1/16		1/16	1		0	72	C5	5	494
20	19	151/2	159/2	0.5		7/8	7/8	4/4	2	1	1/8		1/8	1		3	57	A3	3	505
20	19	151/2	159/2	0.25		7/8	7/8	4/4	1	1	1/16		1/16	1		5	71	B4	4	495
20	19	303/4	319/4	0.25		15/16	15/16	4/4	1	1	1/16		1/16	1		3	69	A4	4	496
21	20	76	80	0.5		0	0	4/4	2	1	1/8		1/8	1		8	56	G#3	3	518
21	20	305/4	321/4	0.25		1/16	1/16	4/4	1	1	1/16		1/16	1		2	74	D5	5	508
21	20	153/2	161/2	0.5		1/8	1/8	4/4	2	1	1/8		1/8	1		2	62	D4	4	519
21	20	153/2	161/2	0.25		1/8	1/8	4/4	1	1	1/16		1/16	1		7	73	C#5	5	509
21	20	307/4	323/4	0.25		3/16	3/16	4/4	1	1	1/16		1/16	1		2	74	D5	5	510
21	20	77	81	1.0		1/4	1/4	4/4	2	1	1/4		1/4	1		2	62	D4	4	520
21	20	77	81	0.25		1/4	1/4	4/4	1	1	1/16		1/16	1		0	72	C5	5	511
21	20	309/4	325/4	0.25		5/16	5/16	4/4	1	1	1/16		1/16	1		5	71	B4	4	512
21	20	155/2	163/2	0.25		3/8	3/8	4/4	1	1	1/16		1/16	1		3	69	A4	4	513
21	20	311/4	327/4	0.25		7/16	7/16	4/4	1	1	1/16		1/16	1		8	68	G#4	4	514
21	20	78	82	0.5		1/2	1/2	4/4	1	1	1/8		1/8	1		3	69	A4	4	515
21	20	313/4	329/4	0.25		9/16	9/16	4/4	2	1	1/16		1/16	1		-1	53	F3	3	521
21	20	313/4	329/4	0.25		9/16	9/16	4/4	2	1	1/16		1/16	1		3	57	A3	3	521
21	20	157/2	165/2	0.25		5/8	5/8	4/4	2	1	1/16		1/16	1		4	52	E3	3	522
21	20	157/2	165/2	0.25		5/8	5/8	4/4	2	1	1/16		1/16	1		8	56	G#3	3	522
21	20	157/2	165/2	0.5		5/8	5/8	4/4	1	1	1/8		1/8	1		9	63	D#4	4	516
21	20	315/4	331/4	0.25		11/16	11/16	4/4	2	1	1/16		1/16	1		-1	53	F3	3	523
21	20	315/4	331/4	0.25		11/16	11/16	4/4	2	1	1/16		1/16	1		3	57	A3	3	523
21	20	79	83	0.25		3/4	3/4	4/4	2	1	1/16		1/16	1		4	52	E3	3	524
21	20	79	83	0.25		3/4	3/4	4/4	2	1	1/16		1/16	1		8	56	G#3	3	524
21	20	79	83	1.0		3/4	3/4	4/4	1	1	1/4		1/4	1		9	63	D#4	4	517
21	20	317/4	333/4	0.25		13/16	13/16	4/4	2	1	1/16		1/16	1		-1	53	F3	3	525
21	20	317/4	333/4	0.25		13/16	13/16	4/4	2	1	1/16		1/16	1		3	57	A3	3	525
21	20	159/2	167/2	0.25		7/8	7/8	4/4	2	1	1/16		1/16	1		4	52	E3	3	526
21	20	159/2	167/2	0.25		7/8	7/8	4/4	2	1	1/16		1/16	1		8	56	G#3	3	526
21	20	319/4	335/4	0.25		15/16	15/16	4/4	2	1	1/16		1/16	1		-1	53	F3	3	527
21	20	319/4	335/4	0.25		15/16	15/16	4/4	2	1	1/16		1/16	1		3	57	A3	3	527
22	21	80	84	0.5		0	0	4/4	1	1	1/8		1/8	1		2	86	D6	6	528
22	21	321/4	337/4	0.25		1/16	1/16	4/4	2	2	1/16		1/16	1		4	64	E4	4	540
22	21	321/4	337/4	0.25		1/16	1/16	4/4	2	1	1/16		1/16	1		8	68	G#4	4	532
22	21	161/2	169/2	0.25		1/8	1/8	4/4	2	2	1/16		1/16	1		-1	65	F4	4	541
22	21	161/2	169/2	0.25		1/8	1/8	4/4	2	1	1/16		1/16	1		3	69	A4	4	533
22	21	161/2	169/2	0.5		1/8	1/8	4/4	1	1	1/8		1/8	1		2	74	D5	5	529
22	21	323/4	339/4	0.25		3/16	3/16	4/4	2	2	1/16		1/16	1		4	64	E4	4	542
22	21	323/4	339/4	0.25		3/16	3/16	4/4	2	1	1/16		1/16	1		8	68	G#4	4	534
22	21	81	85	0.25		1/4	1/4	4/4	2	2	1/16		1/16	1		-1	65	F4	4	543
22	21	81	85	0.25		1/4	1/4	4/4	2	1	1/16		1/16	1		3	69	A4	4	535
22	21	81	85	1.0		1/4	1/4	4/4	1	1	1/4		1/4	1		2	74	D5	5	530
22	21	325/4	341/4	0.25		5/16	5/16	4/4	2	2	1/16		1/16	1		4	64	E4	4	544
22	21	325/4	341/4	0.25		5/16	5/16	4/4	2	1	1/16		1/16	1		8	68	G#4	4	536
22	21	163/2	171/2	0.25		3/8	3/8	4/4	2	2	1/16		1/16	1		-1	65	F4	4	545
22	21	163/2	171/2	0.25		3/8	3/8	4/4	2	1	1/16		1/16	1		3	69	A4	4	537
22	21	327/4	343/4	0.25		7/16	7/16	4/4	2	2	1/16		1/16	1		4	64	E4	4	546
22	21	327/4	343/4	0.25		7/16	7/16	4/4	2	1	1/16		1/16	1		8	68	G#4	4	538
22	21	82	86	0.5		1/2	1/2	4/4	2	2	1/8		1/8	1		9	63	D#4	4	547
22	21	82	86	2.0		1/2	1/2	4/4	2	1	1/2		1/2	1		3	69	A4	4	539
22	21	82	86	2.0		1/2	1/2	4/4	1	1	1/2		1/2	1		0	72	C5	5	531
22	21	165/2	173/2	0.5		5/8	5/8	4/4	2	2	1/8		1/8	1		4	64	E4	4	548
22	21	83	87	0.5		3/4	3/4	4/4	2	2	1/8		1/8	1		-1	65	F4	4	549
22	21	167/2	175/2	0.5		7/8	7/8	4/4	2	2	1/8		1/8	1		9	63	D#4	4	550
23	22	84	88	0.5		0	0	4/4	2	2	1/8		1/8	1		4	64	E4	4	575
23	22	84	88	0.5		0	0	4/4	2	1	1/8		1/8	1		8	68	G#4	4	571
23	22	84	88	0.25		0	0	4/4	1	1	1/16		1/16	1		5	71	B4	4	551
23	22	337/4	353/4	0.25		1/16	1/16	4/4	1	1	1/16		1/16	1		4	76	E5	5	552
23	22	169/2	177/2	0.25		1/8	1/8	4/4	1	1	1/16		1/16	1		9	75	D#5	5	553
23	22	339/4	355/4	0.25		3/16	3/16	4/4	1	1	1/16		1/16	1		4	76	E5	5	554
23	22	85	89	1.0		1/4	1/4	4/4	2	1	1/4		1/4	1		-1	65	F4	4	572
23	22	85	89	1.0		1/4	1/4	4/4	2	1	1/4		1/4	1		9	75	D#5	5	572
23	22	341/4	357/4	0.125		5/16	5/16	4/4	1	1	1/32		1/32	1		3	81	A5	5	555
23	22	683/8	715/8	0.125		11/32	11/32	4/4	1	1	1/32		1/32	1		5	83	B5	5	556
23	22	171/2	179/2	0.0		3/8	3/8	4/4	1	1	0	grace32	1/32	1		2	86	D6	6	557
23	22	171/2	179/2	0.25		3/8	3/8	4/4	1	1	1/16		1/16	1		0	84	C6	6	558
23	22	343/4	359/4	0.125		7/16	7/16	4/4	1	1	1/32		1/32	1		5	83	B5	5	559
23	22	687/8	719/8	0.125		15/32	15/32	4/4	1	1	1/32		1/32	1		3	81	A5	5	560
23	22	86	90	0.5		1/2	1/2	4/4	2	1	1/8		1/8	1		4	64	E4	4	573
23	22	86	90	0.5		1/2	1/2	4/4	2	1	1/8		1/8	1		4	76	E5	5	573
23	22	86	90	0.25		1/2	1/2	4/4	1	1	1/16		1/16	1		8	80	G#5	5	561
23	22	345/4	361/4	0.25		9/16	9/16	4/4	1	1	1/16		1/16	1		4	76	E5	5	562
23	22	173/2	181/2	0.25		5/8	5/8	4/4	1	1	1/16		1/16	1		9	75	D#5	5	563
23	22	347/4	363/4	0.25		11/16	11/16	4/4	1	1	1/16		1/16	1		4	76	E5	5	564
23	22	87	91	1.0		3/4	3/4	4/4	2	1	1/4		1/4	1		-1	65	F4	4	574
23	22	87	91	1.0		3/4	3/4	4/4	2	1	1/4		1/4	1		9	75	D#5	5	574
23	22	349/4	365/4	0.125		13/16	13/16	4/4	1	1	1/32		1/32	1		3	81	A5	5	565
23	22	699/8	731/8	0.125		27/32	27/32	4/4	1	1	1/32		1/32	1		5	83	B5	5	566
23	22	175/2	183/2	0.0		7/8	7/8	4/4	1	1	0	grace32	1/32	1		2	86	D6	6	567
23	22	175/2	183/2	0.25		7/8	7/8	4/4	1	1	1/16		1/16	1		0	84	C6	6	568
23	22	351/4	367/4	0.125		15/16	15/16	4/4	1	1	1/32		1/32	1		5	83	B5	5	569
23	22	703/8	735/8	0.125		31/32	31/32	4/4	1	1	1/32		1/32	1		3	81	A5	5	570
24	23	88	92	0.5		0	0	4/4	2	1	1/8		1/8	1		4	64	E4	4	587
24	23	88	92	0.5		0	0	4/4	2	1	1/8		1/8	1		4	76	E5	5	587
24	23	88	92	0.5		0	0	4/4	1	1	1/8		1/8	1		8	80	G#5	5	576
24	23	177/2	185/2	1.0		1/8	1/8	4/4	1	1	1/4		1/4	1		4	64	E4	4	577
24	23	179/2	187/2	0.5		3/8	3/8	4/4	1	1	1/8		1/8	1	1	4	64	E4	4	578
24	23	90	94	0.25		1/2	1/2	4/4	1	1	1/16		1/16	1	-1	4	64	E4	4	579
24	23	361/4	377/4	0.25		9/16	9/16	4/4	1	1	1/16		1/16	1		-1	65	F4	4	580
24	23	181/2	189/2	0.25		5/8	5/8	4/4	1	1	1/16		1/16	1		6	66	F#4	4	581
24	23	363/4	379/4	0.25		11/16	11/16	4/4	1	1	1/16		1/16	1		1	67	G4	4	582
24	23	91	95	0.25		3/4	3/4	4/4	1	1	1/16		1/16	1		8	68	G#4	4	583
24	23	365/4	381/4	0.25		13/16	13/16	4/4	1	1	1/16		1/16	1		3	69	A4	4	584
24	23	183/2	191/2	0.25		7/8	7/8	4/4	1	1	1/16		1/16	1		-2	70	Bb4	4	585
24	23	367/4	383/4	0.25		15/16	15/16	4/4	1	1	1/16		1/16	1		5	71	B4	4	586
25	24	92	96	1.0		0	0	4/4	2	2	1/4		1/4	1		0	60	C4	4	611
25	24	92	96	0.25		0	0	4/4	2	1	1/16		1/16	1		4	64	E4	4	595
25	24	92	96	0.5		0	0	4/4	1	1	1/8		1/8	1		0	72	C5	5	588
25	24	369/4	385/4	0.25		1/16	1/16	4/4	2	1	1/16		1/16	1		1	67	G4	4	596
25	24	185/2	193/2	0.25		1/8	1/8	4/4	2	1	1/16		1/16	1		4	64	E4	4	597
25	24	185/2	193/2	0.5		1/8	1/8	4/4	1	1	1/8		1/8	1		0	72	C5	5	589
25	24	371/4	387/4	0.25		3/16	3/16	4/4	2	1	1/16		1/16	1		1	67	G4	4	598
25	24	93	97	0.25		1/4	1/4	4/4	2	1	1/16		1/16	1		4	64	E4	4	599
25	24	93	97	0.5		1/4	1/4	4/4	1	1	1/8		1/8	1		0	72	C5	5	590
25	24	373/4	389/4	0.25		5/16	5/16	4/4	2	1	1/16		1/16	1		1	67	G4	4	600
25	24	187/2	195/2	0.25		3/8	3/8	4/4	2	1	1/16		1/16	1		4	64	E4	4	601
25	24	187/2	195/2	0.5		3/8	3/8	4/4	1	1	1/8		1/8	1		0	72	C5	5	591
25	24	375/4	391/4	0.25		7/16	7/16	4/4	2	1	1/16		1/16	1		1	67	G4	4	602
25	24	94	98	1.0		1/2	1/2	4/4	2	2	1/4		1/4	1		2	62	D4	4	612
25	24	94	98	0.25		1/2	1/2	4/4	2	1	1/16		1/16	1		-1	65	F4	4	603
25	24	94	98	0.5		1/2	1/2	4/4	1	1	1/8		1/8	1		5	71	B4	4	592
25	24	377/4	393/4	0.25		9/16	9/16	4/4	2	1	1/16		1/16	1		1	67	G4	4	604
25	24	189/2	197/2	0.25		5/8	5/8	4/4	2	1	1/16		1/16	1		-1	65	F4	4	605
25	24	189/2	197/2	0.5		5/8	5/8	4/4	1	1	1/8		1/8	1		-1	77	F5	5	593
25	24	379/4	395/4	0.25		11/16	11/16	4/4	2	1	1/16		1/16	1		1	67	G4	4	606
25	24	95	99	0.5		3/4	3/4	4/4	2	2	1/8		1/8	1		5	59	B3	3	613
25	24	95	99	0.25		3/4	3/4	4/4	2	1	1/16		1/16	1		2	62	D4	4	607
25	24	95	99	1.0		3/4	3/4	4/4	1	1	1/4		1/4	1		-1	77	F5	5	594
25	24	381/4	397/4	0.25		13/16	13/16	4/4	2	1	1/16		1/16	1		1	67	G4	4	608
25	24	191/2	199/2	0.5		7/8	7/8	4/4	2	2	1/8		1/8	1		1	55	G3	3	614
25	24	191/2	199/2	0.25		7/8	7/8	4/4	2	1	1/16		1/16	1		5	59	B3	3	609
25	24	383/4	399/4	0.25		15/16	15/16	4/4	2	1	1/16		1/16	1		1	67	G4	4	610
26	25	96	100	0.25		0	0	4/4	2	2	1/16		1/16	1		0	60	C4	4	640
26	25	96	100	1.0		0	0	4/4	1	1	1/4		1/4	1		4	76	E5	5	615
26	25	385/4	401/4	0.25		1/16	1/16	4/4	2	2	1/16		1/16	1		1	67	G4	4	641
26	25	193/2	201/2	0.25		1/8	1/8	4/4	2	2	1/16		1/16	1		5	59	B3	3	642
26	25	387/4	403/4	0.25		3/16	3/16	4/4	2	2	1/16		1/16	1		1	67	G4	4	643
26	25	97	101	0.0		1/4	1/4	4/4	1	1	0	grace16	1/16	1		1	79	G5	5	616
26	25	97	101	0.25		1/4	1/4	4/4	2	1	1/16		1/16	1		3	57	A3	3	628
26	25	97	101	0.5		1/4	1/4	4/4	1	1	1/8		1/8	1		-1	77	F5	5	617
26	25	389/4	405/4	0.25		5/16	5/16	4/4	2	1	1/16		1/16	1		0	60	C4	4	629
26	25	195/2	203/2	0.25		3/8	3/8	4/4	2	1	1/16		1/16	1		-1	53	F3	3	630
26	25	195/2	203/2	0.25		3/8	3/8	4/4	1	1	1/16		1/16	1		4	76	E5	5	618
26	25	391/4	407/4	0.25		7/16	7/16	4/4	2	1	1/16		1/16	1		-1	65	F4	4	631
26	25	391/4	407/4	0.25		7/16	7/16	4/4	1	1	1/16		1/16	1		2	74	D5	5	619
26	25	98	102	1.5		1/2	1/2	4/4	2	2	3/8		1/4	3/2		1	55	G3	3	644
26	25	98	102	0.25		1/2	1/2	4/4	2	1	1/16		1/16	1		4	64	E4	4	632
26	25	98	102	0.25		1/2	1/2	4/4	1	1	1/16		1/16	1		0	72	C5	5	620
26	25	393/4	409/4	0.25		9/16	9/16	4/4	2	1	1/16		1/16	1		2	62	D4	4	633
26	25	393/4	409/4	0.25		9/16	9/16	4/4	1	1	1/16		1/16	1		5	71	B4	4	621
26	25	197/2	205/2	0.25		5/8	5/8	4/4	2	1	1/16		1/16	1		0	60	C4	4	634
26	25	197/2	205/2	0.25		5/8	5/8	4/4	1	1	1/16		1/16	1		3	69	A4	4	622
26	25	395/4	411/4	0.25		11/16	11/16	4/4	2	1	1/16		1/16	1		5	59	B3	3	635
26	25	395/4	411/4	0.25		11/16	11/16	4/4	1	1	1/16		1/16	1		1	67	G4	4	623
26	25	99	103	0.25		3/4	3/4	4/4	2	1	1/16		1/16	1		0	60	C4	4	636
26	25	99	103	0.25		3/4	3/4	4/4	1	1	1/16		1/16	1		3	69	A4	4	624
26	25	397/4	413/4	0.25		13/16	13/16	4/4	2	1	1/16		1/16	1		5	59	B3	3	637
26	25	397/4	413/4	0.25		13/16	13/16	4/4	1	1	1/16		1/16	1		1	67	G4	4	625
26	25	199/2	207/2	0.5		7/8	7/8	4/4	2	2	1/8		1/8	1		-1	53	F3	3	645
26	25	199/2	207/2	0.25		7/8	7/8	4/4	2	1	1/16		1/16	1		0	60	C4	4	638
26	25	199/2	207/2	0.25		7/8	7/8	4/4	1	1	1/16		1/16	1		3	69	A4	4	626
26	25	399/4	415/4	0.25		15/16	15/16	4/4	2	1	1/16		1/16	1		2	62	D4	4	639
26	25	399/4	415/4	0.25		15/16	15/16	4/4	1	1	1/16		1/16	1		5	71	B4	4	627
27	26	100	104	1.0		0	0	4/4	2	2	1/4		1/4	1		4	52	E3	3	669
27	26	100	104	0.25		0	0	4/4	2	1	1/16		1/16	1		1	55	G3	3	653
27	26	100	104	0.5		0	0	4/4	1	1	1/8		1/8	1		0	72	C5	5	646
27	26	401/4	417/4	0.25		1/16	1/16	4/4	2	1	1/16		1/16	1		0	60	C4	4	654
27	26	201/2	209/2	0.25		1/8	1/8	4/4	2	1	1/16		1/16	1		1	55	G3	3	655
27	26	201/2	209/2	0.5		1/8	1/8	4/4	1	1	1/8		1/8	1		0	72	C5	5	647
27	26	403/4	419/4	0.25		3/16	3/16	4/4	2	1	1/16		1/16	1		0	60	C4	4	656
27	26	101	105	0.5		1/4	1/4	4/4	2	2	1/8		1/8	1		2	50	D3	3	670
27	26	101	105	0.25		1/4	1/4	4/4	2	1	1/16		1/16	1		-1	53	F3	3	657
27	26	101	105	0.5		1/4	1/4	4/4	1	1	1/8		1/8	1		0	72	C5	5	648
27	26	405/4	421/4	0.25		5/16	5/16	4/4	2	1	1/16		1/16	1		0	60	C4	4	658
27	26	203/2	211/2	0.5		3/8	3/8	4/4	2	2	1/8		1/8	1		0	48	C3	3	671
27	26	203/2	211/2	0.25		3/8	3/8	4/4	2	1	1/16		1/16	1		4	52	E3	3	659
27	26	203/2	211/2	0.5		3/8	3/8	4/4	1	1	1/8		1/8	1		0	72	C5	5	649
27	26	407/4	423/4	0.25		7/16	7/16	4/4	2	1	1/16		1/16	1		0	60	C4	4	660
27	26	102	106	1.0		1/2	1/2	4/4	2	2	1/4		1/4	1		2	50	D3	3	672
27	26	102	106	0.25		1/2	1/2	4/4	2	1	1/16		1/16	1		-1	53	F3	3	661
27	26	102	106	0.5		1/2	1/2	4/4	1	1	1/8		1/8	1		5	71	B4	4	650
27	26	409/4	425/4	0.25		9/16	9/16	4/4	2	1	1/16		1/16	1		1	55	G3	3	662
27	26	205/2	213/2	0.25		5/8	5/8	4/4	2	1	1/16		1/16	1		-1	53	F3	3	663
27	26	205/2	213/2	0.5		5/8	5/8	4/4	1	1	1/8		1/8	1		-1	77	F5	5	651
27	26	411/4	427/4	0.25		11/16	11/16	4/4	2	1	1/16		1/16	1		1	55	G3	3	664
27	26	103	107	0.5		3/4	3/4	4/4	2	2	1/8		1/8	1		5	47	B2	2	673
27	26	103	107	0.25		3/4	3/4	4/4	2	1	1/16		1/16	1		2	50	D3	3	665
27	26	103	107	1.0		3/4	3/4	4/4	1	1	1/4		1/4	1		-1	77	F5	5	652
27	26	413/4	429/4	0.25		13/16	13/16	4/4	2	1	1/16		1/16	1		1	55	G3	3	666
27	26	207/2	215/2	0.5		7/8	7/8	4/4	2	2	1/8		1/8	1		1	43	G2	2	674
27	26	207/2	215/2	0.25		7/8	7/8	4/4	2	1	1/16		1/16	1		5	47	B2	2	667
27	26	415/4	431/4	0.25		15/16	15/16	4/4	2	1	1/16		1/16	1		1	55	G3	3	668
28	27	104	108	0.0		0	0	4/4	1	1	0	grace16	1/16	1		-1	77	F5	5	675
28	27	104	108	0.25		0	0	4/4	2	2	1/16		1/16	1		0	48	C3	3	695
28	27	104	108	0.5		0	0	4/4	1	1	1/8		1/8	1		4	76	E5	5	676
28	27	417/4	433/4	0.25		1/16	1/16	4/4	2	2	1/16		1/16	1		1	55	G3	3	696
28	27	209/2	217/2	0.5		1/8	1/8	4/4	2	2	1/8		1/8	1		-1	53	F3	3	697
28	27	209/2	217/2	0.25		1/8	1/8	4/4	2	1	1/16		1/16	1		3	57	A3	3	684
28	27	209/2	217/2	0.25		1/8	1/8	4/4	1	1	1/16		1/16	1		-1	77	F5	5	677
28	27	419/4	435/4	0.25		3/16	3/16	4/4	2	1	1/16		1/16	1		-1	65	F4	4	685
28	27	419/4	435/4	0.25		3/16	3/16	4/4	1	1	1/16		1/16	1		2	74	D5	5	678
28	27	105	109	0.25		1/4	1/4	4/4	2	1	1/16		1/16	1		1	55	G3	3	686
28	27	105	109	0.5		1/4	1/4	4/4	1	1	1/8		1/8	1		0	72	C5	5	679
28	27	421/4	437/4	0.25		5/16	5/16	4/4	2	1	1/16		1/16	1		4	64	E4	4	687
28	27	211/2	219/2	0.25		3/8	3/8	4/4	2	1	1/16		1/16	1		-1	53	F3	3	688
28	27	211/2	219/2	0.5		3/8	3/8	4/4	1	1	1/8		1/8	1		5	71	B4	4	680
28	27	423/4	439/4	0.25		7/16	7/16	4/4	2	1	1/16		1/16	1		2	62	D4	4	689
28	27	106	110	0.5		1/2	1/2	4/4	2	2	1/8		1/8	1		4	52	E3	3	698
28	27	106	110	0.25		1/2	1/2	4/4	2	1	1/16		1/16	1		1	55	G3	3	690
28	27	106	110	0.5		1/2	1/2	4/4	1	1	1/8		1/8	1		0	72	C5	5	681
28	27	425/4	441/4	0.25		9/16	9/16	4/4	2	1	1/16		1/16	1		0	60	C4	4	691
28	27	213/2	221/2	0.5		5/8	5/8	4/4	2	2	1/8		1/8	1		2	50	D3	3	699
28	27	213/2	221/2	0.25		5/8	5/8	4/4	2	1	1/16		1/16	1		-1	53	F3	3	692
28	27	213/2	221/2	0.5		5/8	5/8	4/4	1	1	1/8		1/8	1		-2	82	Bb5	5	682
28	27	427/4	443/4	0.25		11/16	11/16	4/4	2	1	1/16		1/16	1		0	60	C4	4	693
28	27	107	111	0.5		3/4	3/4	4/4	2	2	1/8		1/8	1		0	48	C3	3	700
28	27	107	111	0.5		3/4	3/4	4/4	2	1	1/8		1/8	1		4	52	E3	3	694
28	27	107	111	0.5		3/4	3/4	4/4	1	1	1/8		1/8	1		-2	82	Bb5	5	683
29	28	108	112	0.25		0	0	4/4	2	1	1/16		1/16	1		-1	65	F4	4	708
29	28	108	112	1.0		0	0	4/4	1	1	1/4		1/4	1		3	81	A5	5	701
29	28	433/4	449/4	0.25		1/16	1/16	4/4	2	1	1/16		1/16	1		0	72	C5	5	709
29	28	217/2	225/2	0.25		1/8	1/8	4/4	2	1	1/16		1/16	1		3	69	A4	4	710
29	28	435/4	451/4	0.25		3/16	3/16	4/4	2	1	1/16		1/16	1		0	72	C5	5	711
29	28	109	113	0.25		1/4	1/4	4/4	2	1	1/16		1/16	1		4	64	E4	4	712
29	28	109	113	0.75		1/4	1/4	4/4	1	1	3/16		1/8	3/2		0	84	C6	6	702
29	28	437/4	453/4	0.25		5/16	5/16	4/4	2	1	1/16		1/16	1		0	72	C5	5	713
29	28	219/2	227/2	0.25		3/8	3/8	4/4	2	1	1/16		1/16	1		1	67	G4	4	714
29	28	439/4	455/4	0.25		7/16	7/16	4/4	2	1	1/16		1/16	1		0	72	C5	5	715
29	28	439/4	455/4	0.25		7/16	7/16	4/4	1	1	1/16		1/16	1		-2	82	Bb5	5	703
29	28	110	114	0.25		1/2	1/2	4/4	2	1	1/16		1/16	1		-1	65	F4	4	716
29	28	110	114	0.5		1/2	1/2	4/4	1	1	1/8		1/8	1		3	81	A5	5	704
29	28	441/4	457/4	0.25		9/16	9/16	4/4	2	1	1/16		1/16	1		0	72	C5	5	717
29	28	221/2	229/2	0.25		5/8	5/8	4/4	2	1	1/16		1/16	1		1	67	G4	4	718
29	28	443/4	459/4	0.25		11/16	11/16	4/4	2	1	1/16		1/16	1		0	72	C5	5	719
29	28	887/8	919/8	0.125		23/32	23/32	4/4	1	1	1/32		1/32	1		1	79	G5	5	705
29	28	111	115	0.25		3/4	3/4	4/4	2	1	1/16		1/16	1		3	69	A4	4	720
29	28	111	115	0.5		3/4	3/4	4/4	1	1	1/8		1/8	1		-1	77	F5	5	706
29	28	445/4	461/4	0.25		13/16	13/16	4/4	2	1	1/16		1/16	1		0	72	C5	5	721
29	28	223/2	231/2	0.25		7/8	7/8	4/4	2	1	1/16		1/16	1		-1	65	F4	4	722
29	28	447/4	463/4	0.25		15/16	15/16	4/4	2	1	1/16		1/16	1		0	72	C5	5	723
29	28	895/8	927/8	0.125		31/32	31/32	4/4	1	1	1/32		1/32	1		3	81	A5	5	707
30	29	112	116	0.25		0	0	4/4	2	1	1/16		1/16	1		4	64	E4	4	731
30	29	112	116	0.5		0	0	4/4	1	1	1/8		1/8	1		1	79	G5	5	724
30	29	449/4	465/4	0.25		1/16	1/16	4/4	2	1	1/16		1/16	1		1	67	G4	4	732
30	29	225/2	233/2	0.25		1/8	1/8	4/4	2	1	1/16		1/16	1		2	62	D4	4	733
30	29	451/4	467/4	0.25		3/16	3/16	4/4	2	1	1/16		1/16	1		-1	65	F4	4	734
30	29	903/8	935/8	0.125		7/32	7/32	4/4	1	1	1/32		1/32	1		5	83	B5	5	725
30	29	113	117	0.25		1/4	1/4	4/4	2	1	1/16		1/16	1		4	64	E4	4	735
30	29	113	117	0.5		1/4	1/4	4/4	1	1	1/8		1/8	1		0	84	C6	6	726
30	29	453/4	469/4	0.25		5/16	5/16	4/4	2	1	1/16		1/16	1		1	67	G4	4	736
30	29	227/2	235/2	0.25		3/8	3/8	4/4	2	1	1/16		1/16	1		0	60	C4	4	737
30	29	455/4	471/4	0.25		7/16	7/16	4/4	2	1	1/16		1/16	1		4	64	E4	4	738
30	29	911/8	943/8	0.125		15/32	15/32	4/4	1	1	1/32		1/32	1		4	88	E6	6	727
30	29	114	118	0.25		1/2	1/2	4/4	2	1	1/16		1/16	1		2	62	D4	4	739
30	29	114	118	0.5		1/2	1/2	4/4	1	1	1/8		1/8	1		1	79	G5	5	728
30	29	457/4	473/4	0.25		9/16	9/16	4/4	2	1	1/16		1/16	1		1	67	G4	4	740
30	29	229/2	237/2	0.25		5/8	5/8	4/4	2	1	1/16		1/16	1		5	59	B3	3	741
30	29	229/2	237/2	0.5		5/8	5/8	4/4	1	1	1/8		1/8	1		-1	77	F5	5	729
30	29	459/4	475/4	0.25		11/16	11/16	4/4	2	1	1/16		1/16	1		1	67	G4	4	742
30	29	115	119	0.25		3/4	3/4	4/4	2	1	1/16		1/16	1		0	60	C4	4	743
30	29	115	119	0.5		3/4	3/4	4/4	1	1	1/8		1/8	1		4	76	E5	5	730
30	29	461/4	477/4	0.25		13/16	13/16	4/4	2	1	1/16		1/16	1		5	59	B3	3	744
30	29	231/2	239/2	0.25		7/8	7/8	4/4	2	1	1/16		1/16	1		3	57	A3	3	745
30	29	463/4	479/4	0.25		15/16	15/16	4/4	2	1	1/16		1/16	1		1	55	G3	3	746
31	30	116	120	0.25		0	0	4/4	2	1	1/16		1/16	1		-1	53	F3	3	761
31	30	116	120	1.0		0	0	4/4	1	1	1/4		1/4	1		2	74	D5	5	747
31	30	465/4	481/4	0.25		1/16	1/16	4/4	2	1	1/16		1/16	1		3	57	A3	3	762
31	30	233/2	241/2	0.25		1/8	1/8	4/4	2	1	1/16		1/16	1		2	62	D4	4	763
31	30	467/4	483/4	0.25		3/16	3/16	4/4	1	2	1/16		1/16	1		-1	65	F4	4	760
31	30	467/4	483/4	0.25		3/16	3/16	4/4	2	1	1/16		1/16	1		-1	65	F4	4	764
31	30	117	121	0.25		1/4	1/4	4/4	2	1	1/16		1/16	1		3	69	A4	4	765
31	30	117	121	0.25		1/4	1/4	4/4	1	1	1/16		1/16	1		-1	77	F5	5	748
31	30	469/4	485/4	0.25		5/16	5/16	4/4	2	1	1/16		1/16	1		1	67	G4	4	766
31	30	469/4	485/4	0.25		5/16	5/16	4/4	1	1	1/16		1/16	1		4	76	E5	5	749
31	30	235/2	243/2	0.25		3/8	3/8	4/4	2	1	1/16		1/16	1		-1	65	F4	4	767
31	30	235/2	243/2	0.25		3/8	3/8	4/4	1	1	1/16		1/16	1		2	74	D5	5	750
31	30	471/4	487/4	0.25		7/16	7/16	4/4	2	1	1/16		1/16	1		4	64	E4	4	768
31	30	471/4	487/4	0.25		7/16	7/16	4/4	1	1	1/16		1/16	1		0	72	C5	5	751
31	30	118	122	0.25		1/2	1/2	4/4	2	1	1/16		1/16	1		2	62	D4	4	769
31	30	118	122	0.25		1/2	1/2	4/4	1	1	1/16		1/16	1		5	71	B4	4	752
31	30	473/4	489/4	0.25		9/16	9/16	4/4	2	1	1/16		1/16	1		4	64	E4	4	770
31	30	473/4	489/4	0.25		9/16	9/16	4/4	1	1	1/16		1/16	1		0	72	C5	5	753
31	30	237/2	245/2	0.25		5/8	5/8	4/4	2	1	1/16		1/16	1		-1	65	F4	4	771
31	30	237/2	245/2	0.25		5/8	5/8	4/4	1	1	1/16		1/16	1		2	74	D5	5	754
31	30	475/4	491/4	0.25		11/16	11/16	4/4	2	1	1/16		1/16	1		4	64	E4	4	772
31	30	475/4	491/4	0.25		11/16	11/16	4/4	1	1	1/16		1/16	1		4	76	E5	5	755
31	30	119	123	0.25		3/4	3/4	4/4	2	1	1/16		1/16	1		2	62	D4	4	773
31	30	119	123	0.25		3/4	3/4	4/4	1	1	1/16		1/16	1		-1	77	F5	5	756
31	30	477/4	493/4	0.25		13/16	13/16	4/4	2	1	1/16		1/16	1		4	64	E4	4	774
31	30	477/4	493/4	0.25		13/16	13/16	4/4	1	1	1/16		1/16	1		1	79	G5	5	757
31	30	239/2	247/2	0.25		7/8	7/8	4/4	2	1	1/16		1/16	1		-1	65	F4	4	775
31	30	239/2	247/2	0.25		7/8	7/8	4/4	1	1	1/16		1/16	1		3	81	A5	5	758
31	30	479/4	495/4	0.25		15/16	15/16	4/4	2	1	1/16		1/16	1		2	62	D4	4	776
31	30	479/4	495/4	0.25		15/16	15/16	4/4	1	1	1/16		1/16	1		5	83	B5	5	759
32	31	120	124	0.25		0	0	4/4	2	1	1/16		1/16	1		4	64	E4	4	787
32	31	120	124	0.25		0	0	4/4	1	1	1/16		1/16	1		0	84	C6	6	777
32	31	481/4	497/4	0.25		1/16	1/16	4/4	2	1	1/16		1/16	1		5	59	B3	3	788
32	31	481/4	497/4	0.25		1/16	1/16	4/4	1	1	1/16		1/16	1		2	74	D5	5	778
32	31	241/2	249/2	0.25		1/8	1/8	4/4	2	1	1/16		1/16	1		0	60	C4	4	789
32	31	241/2	249/2	0.25		1/8	1/8	4/4	1	1	1/16		1/16	1		4	76	E5	5	779
32	31	483/4	499/4	0.25		3/16	3/16	4/4	2	1	1/16		1/16	1		2	62	D4	4	790
32	31	483/4	499/4	0.25		3/16	3/16	4/4	1	1	1/16		1/16	1		-1	77	F5	5	780
32	31	121	125	0.25		1/4	1/4	4/4	2	1	1/16		1/16	1		4	64	E4	4	791
32	31	121	125	0.25		1/4	1/4	4/4	1	1	1/16		1/16	1		1	79	G5	5	781
32	31	485/4	501/4	0.25		5/16	5/16	4/4	2	1	1/16		1/16	1		0	60	C4	4	792
32	31	485/4	501/4	0.25		5/16	5/16	4/4	1	1	1/16		1/16	1		4	76	E5	5	782
32	31	243/2	251/2	0.25		3/8	3/8	4/4	2	1	1/16		1/16	1		-1	65	F4	4	793
32	31	243/2	251/2	0.25		3/8	3/8	4/4	1	1	1/16		1/16	1		3	81	A5	5	783
32	31	487/4	503/4	0.25		7/16	7/16	4/4	2	1	1/16		1/16	1		2	62	D4	4	794
32	31	487/4	503/4	0.25		7/16	7/16	4/4	1	1	1/16		1/16	1		-1	77	F5	5	784
32	31	122	126	0.25		1/2	1/2	4/4	2	1	1/16		1/16	1		0	60	C4	4	795
32	31	122	126	1.0		1/2	1/2	4/4	1	1	1/4		1/4	1		0	72	C5	5	785
32	31	122	126	1.0		1/2	1/2	4/4	1	1	1/4		1/4	1		4	76	E5	5	785
32	31	489/4	505/4	0.25		9/16	9/16	4/4	2	1	1/16		1/16	1		3	57	A3	3	796
32	31	245/2	253/2	0.25		5/8	5/8	4/4	2	1	1/16		1/16	1		1	55	G3	3	797
32	31	491/4	507/4	0.25		11/16	11/16	4/4	2	1	1/16		1/16	1		6	54	F#3	3	798
32	31	123	127	0.25		3/4	3/4	4/4	2	1	1/16		1/16	1		1	55	G3	3	799
32	31	123	127	0.5		3/4	3/4	4/4	1	1	1/8		1/8	1		5	71	B4	4	786
32	31	123	127	0.5		3/4	3/4	4/4	1	1	1/8		1/8	1		2	74	D5	5	786
32	31	493/4	509/4	0.25		13/16	13/16	4/4	2	1	1/16		1/16	1		-1	53	F3	3	800
32	31	247/2	255/2	0.25		7/8	7/8	4/4	2	1	1/16		1/16	1		4	52	E3	3	801
32	31	495/4	511/4	0.25		15/16	15/16	4/4	2	1	1/16		1/16	1		2	50	D3	3	802
33	32	124	128	0.25		0	0	4/4	2	1	1/16		1/16	1		0	48	C3	3	816
33	32	124	128	0.75		0	0	4/4	1	1	3/16		1/8	3/2		1	67	G4	4	803
33	32	497/4	513/4	0.25		1/16	1/16	4/4	2	1	1/16		1/16	1		1	55	G3	3	817
33	32	249/2	257/2	0.25		1/8	1/8	4/4	2	1	1/16		1/16	1		4	52	E3	3	818
33	32	499/4	515/4	0.25		3/16	3/16	4/4	2	1	1/16		1/16	1		1	55	G3	3	819
33	32	499/4	515/4	0.125		3/16	3/16	4/4	1	1	1/32		1/32	1		3	69	A4	4	804
33	32	999/8	1031/8	0.125		7/32	7/32	4/4	1	1	1/32		1/32	1		5	71	B4	4	805
33	32	125	129	0.25		1/4	1/4	4/4	2	1	1/16		1/16	1		0	48	C3	3	820
33	32	125	129	0.25		1/4	1/4	4/4	1	1	1/16		1/16	1		0	72	C5	5	806
33	32	501/4	517/4	0.25		5/16	5/16	4/4	2	1	1/16		1/16	1		1	55	G3	3	821
33	32	501/4	517/4	0.25		5/16	5/16	4/4	1	1	1/16		1/16	1		5	71	B4	4	807
33	32	251/2	259/2	0.25		3/8	3/8	4/4	2	1	1/16		1/16	1		4	52	E3	3	822
33	32	251/2	259/2	0.25		3/8	3/8	4/4	1	1	1/16		1/16	1		3	69	A4	4	808
33	32	503/4	519/4	0.25		7/16	7/16	4/4	2	1	1/16		1/16	1		1	55	G3	3	823
33	32	503/4	519/4	0.25		7/16	7/16	4/4	1	1	1/16		1/16	1		1	67	G4	4	809
33	32	126	130	0.25		1/2	1/2	4/4	2	1	1/16		1/16	1		2	50	D3	3	824
33	32	126	130	0.25		1/2	1/2	4/4	1	1	1/16		1/16	1		1	67	G4	4	810
33	32	505/4	521/4	0.25		9/16	9/16	4/4	2	1	1/16		1/16	1		1	55	G3	3	825
33	32	505/4	521/4	0.125		9/16	9/16	4/4	1	1	1/32		1/32	1		-1	65	F4	4	811
33	32	253/2	261/2	0.25		5/8	5/8	4/4	2	1	1/16		1/16	1		-1	53	F3	3	826
33	32	253/2	261/2	0.25		5/8	5/8	4/4	1	1	1/16		1/16	1		4	64	E4	4	812
33	32	507/4	523/4	0.25		11/16	11/16	4/4	2	1	1/16		1/16	1		1	55	G3	3	827
33	32	507/4	523/4	0.125		11/16	11/16	4/4	1	1	1/32		1/32	1		2	62	D4	4	813
33	32	127	131	0.25		3/4	3/4	4/4	2	1	1/16		1/16	1		2	50	D3	3	828
33	32	127	131	0.5		3/4	3/4	4/4	1	1	1/8		1/8	1		0	60	C4	4	814
33	32	509/4	525/4	0.25		13/16	13/16	4/4	2	1	1/16		1/16	1		1	55	G3	3	829
33	32	255/2	263/2	0.25		7/8	7/8	4/4	2	1	1/16		1/16	1		-1	53	F3	3	830
33	32	255/2	263/2	0.25		7/8	7/8	4/4	1	1	1/16		1/16	1		5	59	B3	3	815
33	32	511/4	527/4	0.25		15/16	15/16	4/4	2	1	1/16		1/16	1		1	55	G3	3	831
34	33	128	132	0.25		0	0	4/4	2	1	1/16		1/16	1		0	60	C4	4	851
34	33	128	132	0.75		0	0	4/4	1	1	3/16		1/8	3/2		1	79	G5	5	832
34	33	513/4	529/4	0.25		1/16	1/16	4/4	2	1	1/16		1/16	1		1	67	G4	4	852
34	33	257/2	265/2	0.25		1/8	1/8	4/4	2	1	1/16		1/16	1		4	64	E4	4	853
34	33	515/4	531/4	0.25		3/16	3/16	4/4	2	1	1/16		1/16	1		1	67	G4	4	854
34	33	515/4	531/4	0.125		3/16	3/16	4/4	1	1	1/32		1/32	1		3	81	A5	5	833
34	33	1031/8	1063/8	0.125		7/32	7/32	4/4	1	1	1/32		1/32	1		5	83	B5	5	834
34	33	129	133	0.25		1/4	1/4	4/4	2	1	1/16		1/16	1		0	60	C4	4	855
34	33	129	133	0.125		1/4	1/4	4/4	1	1	1/32		1/32	1		0	84	C6	6	835
34	33	1033/8	1065/8	0.125		9/32	9/32	4/4	1	1	1/32		1/32	1		2	86	D6	6	836
34	33	517/4	533/4	0.25		5/16	5/16	4/4	2	1	1/16		1/16	1		1	67	G4	4	856
34	33	517/4	533/4	0.125		5/16	5/16	4/4	1	1	1/32		1/32	1		4	88	E6	6	837
34	33	1035/8	1067/8	0.125		11/32	11/32	4/4	1	1	1/32		1/32	1		5	83	B5	5	838
34	33	259/2	267/2	0.25		3/8	3/8	4/4	2	1	1/16		1/16	1		4	64	E4	4	857
34	33	259/2	267/2	0.125		3/8	3/8	4/4	1	1	1/32		1/32	1		0	84	C6	6	839
34	33	1037/8	1069/8	0.125		13/32	13/32	4/4	1	1	1/32		1/32	1		1	79	G5	5	840
34	33	519/4	535/4	0.25		7/16	7/16	4/4	2	1	1/16		1/16	1		1	67	G4	4	858
34	33	519/4	535/4	0.125		7/16	7/16	4/4	1	1	1/32		1/32	1		3	81	A5	5	841
34	33	1039/8	1071/8	0.125		15/32	15/32	4/4	1	1	1/32		1/32	1		4	76	E5	5	842
34	33	130	134	0.25		1/2	1/2	4/4	2	1	1/16		1/16	1		2	62	D4	4	859
34	33	130	134	0.25		1/2	1/2	4/4	1	1	1/16		1/16	1		1	79	G5	5	843
34	33	521/4	537/4	0.25		9/16	9/16	4/4	2	1	1/16		1/16	1		1	67	G4	4	860
34	33	521/4	537/4	0.125		9/16	9/16	4/4	1	1	1/32		1/32	1		1	79	G5	5	844
34	33	1043/8	1075/8	0.125		19/32	19/32	4/4	1	1	1/32		1/32	1		-1	77	F5	5	845
34	33	261/2	269/2	0.25		5/8	5/8	4/4	2	1	1/16		1/16	1		-1	65	F4	4	861
34	33	261/2	269/2	0.25		5/8	5/8	4/4	1	1	1/16		1/16	1		4	76	E5	5	846
34	33	523/4	539/4	0.25		11/16	11/16	4/4	2	1	1/16		1/16	1		1	67	G4	4	862
34	33	523/4	539/4	0.125		11/16	11/16	4/4	1	1	1/32		1/32	1		4	76	E5	5	847
34	33	1047/8	1079/8	0.125		23/32	23/32	4/4	1	1	1/32		1/32	1		2	74	D5	5	848
34	33	131	135	0.25		3/4	3/4	4/4	2	1	1/16		1/16	1		2	62	D4	4	863
34	33	131	135	0.5		3/4	3/4	4/4	1	1	1/8		1/8	1		0	72	C5	5	849
34	33	525/4	541/4	0.25		13/16	13/16	4/4	2	1	1/16		1/16	1		1	67	G4	4	864
34	33	263/2	271/2	0.25		7/8	7/8	4/4	2	1	1/16		1/16	1		-1	65	F4	4	865
34	33	263/2	271/2	0.25		7/8	7/8	4/4	1	1	1/16		1/16	1		5	71	B4	4	850
34	33	527/4	543/4	0.25		15/16	15/16	4/4	2	1	1/16		1/16	1		1	67	G4	4	866
35	34	132	136	0.25		0	0	4/4	2	1	1/16		1/16	1		4	64	E4	4	877
35	34	132	136	0.25		0	0	4/4	1	1	1/16		1/16	1		0	72	C5	5	867
35	34	529/4	545/4	0.25		1/16	1/16	4/4	2	1	1/16		1/16	1		0	72	C5	5	878
35	34	529/4	545/4	0.25		1/16	1/16	4/4	1	1	1/16		1/16	1		0	84	C6	6	868
35	34	265/2	273/2	0.25		1/8	1/8	4/4	2	1	1/16		1/16	1		1	67	G4	4	879
35	34	265/2	273/2	1.0		1/8	1/8	4/4	1	1	1/4		1/4	1		0	84	C6	6	869
35	34	531/4	547/4	0.25		3/16	3/16	4/4	2	1	1/16		1/16	1		0	72	C5	5	880
35	34	133	137	0.25		1/4	1/4	4/4	2	1	1/16		1/16	1		4	64	E4	4	881
35	34	533/4	549/4	0.25		5/16	5/16	4/4	2	1	1/16		1/16	1		0	72	C5	5	882
35	34	267/2	275/2	0.25		3/8	3/8	4/4	2	1	1/16		1/16	1		1	67	G4	4	883
35	34	267/2	275/2	0.5		3/8	3/8	4/4	1	1	1/8		1/8	1		-2	82	Bb5	5	870
35	34	535/4	551/4	0.25		7/16	7/16	4/4	2	1	1/16		1/16	1		0	72	C5	5	884
35	34	134	138	0.25		1/2	1/2	4/4	2	1	1/16		1/16	1		-1	65	F4	4	885
35	34	134	138	0.5		1/2	1/2	4/4	1	1	1/8		1/8	1		8	80	G#5	5	871
35	34	537/4	553/4	0.25		9/16	9/16	4/4	2	1	1/16		1/16	1		0	72	C5	5	886
35	34	269/2	277/2	0.25		5/8	5/8	4/4	2	1	1/16		1/16	1		3	69	A4	4	887
35	34	269/2	277/2	0.5		5/8	5/8	4/4	1	1	1/8		1/8	1		3	81	A5	5	872
35	34	539/4	555/4	0.25		11/16	11/16	4/4	2	1	1/16		1/16	1		0	72	C5	5	888
35	34	135	139	0.0		3/4	3/4	4/4	1	1	0	grace16	1/16	1		2	86	D6	6	873
35	34	135	139	0.25		3/4	3/4	4/4	2	1	1/16		1/16	1		-1	65	F4	4	889
35	34	135	139	0.5		3/4	3/4	4/4	1	1	1/8		1/8	1		0	84	C6	6	874
35	34	541/4	557/4	0.25		13/16	13/16	4/4	2	1	1/16		1/16	1		0	72	C5	5	890
35	34	271/2	279/2	0.25		7/8	7/8	4/4	2	1	1/16		1/16	1		3	69	A4	4	891
35	34	271/2	279/2	0.25		7/8	7/8	4/4	1	1	1/16		1/16	1		5	83	B5	5	875
35	34	543/4	559/4	0.25		15/16	15/16	4/4	2	1	1/16		1/16	1		0	72	C5	5	892
35	34	543/4	559/4	0.25		15/16	15/16	4/4	1	1	1/16		1/16	1		3	81	A5	5	876
36	35	136	140	0.0		0	0	4/4	1	1	0	grace16	1/16	1		3	81	A5	5	893
36	35	136	140	0.25		0	0	4/4	2	1	1/16		1/16	1		4	64	E4	4	903
36	35	136	140	0.5		0	0	4/4	1	1	1/8		1/8	1		1	79	G5	5	894
36	35	545/4	561/4	0.25		1/16	1/16	4/4	2	1	1/16		1/16	1		0	72	C5	5	904
36	35	273/2	281/2	0.25		1/8	1/8	4/4	2	1	1/16		1/16	1		-1	65	F4	4	905
36	35	273/2	281/2	0.25		1/8	1/8	4/4	1	1	1/16		1/16	1		3	81	A5	5	895
36	35	547/4	563/4	0.25		3/16	3/16	4/4	2	1	1/16		1/16	1		2	74	D5	5	906
36	35	547/4	563/4	0.25		3/16	3/16	4/4	1	1	1/16		1/16	1		-1	77	F5	5	896
36	35	137	141	0.25		1/4	1/4	4/4	2	1	1/16		1/16	1		1	67	G4	4	907
36	35	137	141	0.5		1/4	1/4	4/4	1	1	1/8		1/8	1		4	76	E5	5	897
36	35	549/4	565/4	0.25		5/16	5/16	4/4	2	1	1/16		1/16	1		0	72	C5	5	908
36	35	275/2	283/2	0.25		3/8	3/8	4/4	2	1	1/16		1/16	1		-1	65	F4	4	909
36	35	275/2	283/2	0.5		3/8	3/8	4/4	1	1	1/8		1/8	1		2	74	D5	5	898
36	35	551/4	567/4	0.25		7/16	7/16	4/4	2	1	1/16		1/16	1		5	71	B4	4	910
36	35	138	142	0.25		1/2	1/2	4/4	2	1	1/16		1/16	1		4	64	E4	4	911
36	35	138	142	0.25		1/2	1/2	4/4	1	1	1/16		1/16	1		0	72	C5	5	899
36	35	553/4	569/4	0.25		9/16	9/16	4/4	2	1	1/16		1/16	1		0	72	C5	5	912
36	35	553/4	569/4	0.25		9/16	9/16	4/4	1	1	1/16		1/16	1		0	84	C6	6	900
36	35	277/2	285/2	0.25		5/8	5/8	4/4	2	1	1/16		1/16	1		1	67	G4	4	913
36	35	277/2	285/2	1.0		5/8	5/8	4/4	1	1	1/4		1/4	1		0	84	C6	6	901
36	35	555/4	571/4	0.25		11/16	11/16	4/4	2	1	1/16		1/16	1		0	72	C5	5	914
36	35	139	143	0.25		3/4	3/4	4/4	2	1	1/16		1/16	1		4	64	E4	4	915
36	35	557/4	573/4	0.25		13/16	13/16	4/4	2	1	1/16		1/16	1		0	72	C5	5	916
36	35	279/2	287/2	0.25		7/8	7/8	4/4	2	1	1/16		1/16	1		1	67	G4	4	917
36	35	279/2	287/2	0.5		7/8	7/8	4/4	1	1	1/8		1/8	1		-2	82	Bb5	5	902
36	35	559/4	575/4	0.25		15/16	15/16	4/4	2	1	1/16		1/16	1		0	72	C5	5	918
37	36	140	144	1.0		0	0	4/4	2	1	1/4		1/4	1		-1	65	F4	4	941
37	36	140	144	1.0		0	0	4/4	2	1	1/4		1/4	1		0	72	C5	5	941
37	36	140	144	0.5		0	0	4/4	1	1	1/8		1/8	1		8	80	G#5	5	919
37	36	281/2	289/2	0.5		1/8	1/8	4/4	1	1	1/8		1/8	1		3	81	A5	5	920
37	36	283/2	291/2	0.0		3/8	3/8	4/4	1	1	0	grace32	1/32	1		2	86	D6	6	921
37	36	283/2	291/2	0.25		3/8	3/8	4/4	1	1	1/16		1/16	1		0	84	C6	6	922
37	36	567/4	583/4	0.125		7/16	7/16	4/4	1	1	1/32		1/32	1		5	83	B5	5	923
37	36	1135/8	1167/8	0.125		15/32	15/32	4/4	1	1	1/32		1/32	1		3	81	A5	5	924
37	36	142	146	0.5		1/2	1/2	4/4	2	1	1/8		1/8	1		4	64	E4	4	942
37	36	142	146	0.5		1/2	1/2	4/4	2	1	1/8		1/8	1		0	72	C5	5	942
37	36	142	146	0.125		1/2	1/2	4/4	1	1	1/32		1/32	1		6	78	F#5	5	925
37	36	1137/8	1169/8	0.125		17/32	17/32	4/4	1	1	1/32		1/32	1		1	79	G5	5	926
37	36	569/4	585/4	0.125		9/16	9/16	4/4	1	1	1/32		1/32	1		6	78	F#5	5	927
37	36	1139/8	1171/8	0.125		19/32	19/32	4/4	1	1	1/32		1/32	1		1	79	G5	5	928
37	36	285/2	293/2	0.0		5/8	5/8	4/4	1	1	0	grace32	1/32	1		5	83	B5	5	929
37	36	285/2	293/2	0.5		5/8	5/8	4/4	2	1	1/8		1/8	1		-1	65	F4	4	943
37	36	285/2	293/2	0.5		5/8	5/8	4/4	2	1	1/8		1/8	1		0	72	C5	5	943
37	36	285/2	293/2	0.25		5/8	5/8	4/4	1	1	1/16		1/16	1		3	81	A5	5	930
37	36	571/4	587/4	0.125		11/16	11/16	4/4	1	1	1/32		1/32	1		1	79	G5	5	931
37	36	1143/8	1175/8	0.125		23/32	23/32	4/4	1	1	1/32		1/32	1		-1	77	F5	5	932
37	36	143	147	0.5		3/4	3/4	4/4	2	1	1/8		1/8	1		1	67	G4	4	944
37	36	143	147	0.5		3/4	3/4	4/4	2	1	1/8		1/8	1		0	72	C5	5	944
37	36	143	147	0.125		3/4	3/4	4/4	1	1	1/32		1/32	1		9	75	D#5	5	933
37	36	1145/8	1177/8	0.125		25/32	25/32	4/4	1	1	1/32		1/32	1		4	76	E5	5	934
37	36	573/4	589/4	0.125		13/16	13/16	4/4	1	1	1/32		1/32	1		9	75	D#5	5	935
37	36	1147/8	1179/8	0.125		27/32	27/32	4/4	1	1	1/32		1/32	1		4	76	E5	5	936
37	36	287/2	295/2	0.0		7/8	7/8	4/4	1	1	0	grace32	1/32	1		1	79	G5	5	937
37	36	287/2	295/2	0.5		7/8	7/8	4/4	2	1	1/8		1/8	1		1	67	G4	4	945
37	36	287/2	295/2	0.5		7/8	7/8	4/4	2	1	1/8		1/8	1		5	71	B4	4	945
37	36	287/2	295/2	0.25		7/8	7/8	4/4	1	1	1/16		1/16	1		-1	77	F5	5	938
37	36	575/4	591/4	0.125		15/16	15/16	4/4	1	1	1/32		1/32	1		4	76	E5	5	939
37	36	1151/8	1183/8	0.125		31/32	31/32	4/4	1	1	1/32		1/32	1		2	74	D5	5	940
38	37		148	0.5	1	0	0	4/4	2	1	1/8		1/8	1		0	60	C4	4	957
38	37		148	0.5	1	0	0	4/4	1	1	1/8		1/8	1		0	72	C5	5	946
38	37		297/2	0.125	1	1/8	1/8	4/4	1	1	1/32		1/32	1		-1	77	F5	5	947
38	37		1189/8	0.125	1	5/32	5/32	4/4	1	1	1/32		1/32	1		4	76	E5	5	948
38	37		595/4	0.125	1	3/16	3/16	4/4	1	1	1/32		1/32	1		-1	77	F5	5	949
38	37		1191/8	0.125	1	7/32	7/32	4/4	1	1	1/32		1/32	1		2	74	D5	5	950
38	37		149	0.5	1	1/4	1/4	4/4	1	1	1/8		1/8	1		0	72	C5	5	951
38	37		299/2	0.125	1	3/8	3/8	4/4	1	1	1/32		1/32	1		-1	77	F5	5	952
38	37		1197/8	0.125	1	13/32	13/32	4/4	1	1	1/32		1/32	1		4	76	E5	5	953
38	37		599/4	0.125	1	7/16	7/16	4/4	1	1	1/32		1/32	1		-1	77	F5	5	954
38	37		1199/8	0.125	1	15/32	15/32	4/4	1	1	1/32		1/32	1		2	74	D5	5	955
38	37		150	0.5	1	1/2	1/2	4/4	1	1	1/8		1/8	1		0	72	C5	5	956
38	37		601/4	0.25	1	9/16	9/16	4/4	2	1	1/16		1/16	1		6	66	F#4	4	958
38	37		301/2	0.25	1	5/8	5/8	4/4	2	1	1/16		1/16	1		1	67	G4	4	959
38	37		603/4	0.25	1	11/16	11/16	4/4	2	1	1/16		1/16	1		3	69	A4	4	960
38	37		151	0.25	1	3/4	3/4	4/4	2	1	1/16		1/16	1		-2	70	Bb4	4	961
38	37		605/4	0.25	1	13/16	13/16	4/4	2	1	1/16		1/16	1		1	67	G4	4	962
38	37		303/2	0.25	1	7/8	7/8	4/4	2	1	1/16		1/16	1		4	64	E4	4	963
38	37		607/4	0.25	1	15/16	15/16	4/4	2	1	1/16		1/16	1		2	62	D4	4	964
39	37	144	152	0.5	2	0	0	4/4	2	1	1/8		1/8	1		0	60	C4	4	980
39	37	144	152	0.5	2	0	0	4/4	1	1	1/8		1/8	1		0	72	C5	5	965
39	37	289/2	305/2	0.125	2	1/8	1/8	4/4	2	1	1/32		1/32	1		0	72	C5	5	981
39	37	1157/8	1221/8	0.125	2	5/32	5/32	4/4	2	1	1/32		1/32	1		5	71	B4	4	982
39	37	579/4	611/4	0.125	2	3/16	3/16	4/4	2	1	1/32		1/32	1		0	72	C5	5	983
39	37	1159/8	1223/8	0.125	2	7/32	7/32	4/4	2	1	1/32		1/32	1		3	69	A4	4	984
39	37	145	153	0.5	2	1/4	1/4	4/4	2	1	1/8		1/8	1		1	67	G4	4	985
39	37	291/2	307/2	0.125	2	3/8	3/8	4/4	2	1	1/32		1/32	1		3	69	A4	4	986
39	37	291/2	307/2	0.125	2	3/8	3/8	4/4	1	1	1/32		1/32	1		0	84	C6	6	966
39	37	1165/8	1229/8	0.125	2	13/32	13/32	4/4	2	1	1/32		1/32	1		1	67	G4	4	987
39	37	1165/8	1229/8	0.125	2	13/32	13/32	4/4	1	1	1/32		1/32	1		5	83	B5	5	967
39	37	583/4	615/4	0.125	2	7/16	7/16	4/4	2	1	1/32		1/32	1		3	69	A4	4	988
39	37	583/4	615/4	0.125	2	7/16	7/16	4/4	1	1	1/32		1/32	1		0	84	C6	6	968
39	37	1167/8	1231/8	0.125	2	15/32	15/32	4/4	2	1	1/32		1/32	1		-1	65	F4	4	989
39	37	1167/8	1231/8	0.125	2	15/32	15/32	4/4	1	1	1/32		1/32	1		3	81	A5	5	969
39	37	146	154	0.5	2	1/2	1/2	4/4	2	1	1/8		1/8	1		4	64	E4	4	990
39	37	146	154	0.5	2	1/2	1/2	4/4	1	1	1/8		1/8	1		1	79	G5	5	970
39	37	293/2	309/2	0.125	2	5/8	5/8	4/4	2	1	1/32		1/32	1		-1	65	F4	4	991
39	37	293/2	309/2	0.125	2	5/8	5/8	4/4	1	1	1/32		1/32	1		3	81	A5	5	971
39	37	1173/8	1237/8	0.125	2	21/32	21/32	4/4	2	1	1/32		1/32	1		4	64	E4	4	992
39	37	1173/8	1237/8	0.125	2	21/32	21/32	4/4	1	1	1/32		1/32	1		1	79	G5	5	972
39	37	587/4	619/4	0.125	2	11/16	11/16	4/4	2	1	1/32		1/32	1		-1	65	F4	4	993
39	37	587/4	619/4	0.125	2	11/16	11/16	4/4	1	1	1/32		1/32	1		3	81	A5	5	973
39	37	1175/8	1239/8	0.125	2	23/32	23/32	4/4	2	1	1/32		1/32	1		2	62	D4	4	994
39	37	1175/8	1239/8	0.125	2	23/32	23/32	4/4	1	1	1/32		1/32	1		-1	77	F5	5	974
39	37	147	155	0.5	2	3/4	3/4	4/4	2	1	1/8		1/8	1		0	60	C4	4	995
39	37	147	155	0.5	2	3/4	3/4	4/4	1	1	1/8		1/8	1		4	76	E5	5	975
39	37	295/2	311/2	0.125	2	7/8	7/8	4/4	1	1	1/32		1/32	1		-1	77	F5	5	976
39	37	1181/8	1245/8	0.125	2	29/32	29/32	4/4	1	1	1/32		1/32	1		4	76	E5	5	977
39	37	591/4	623/4	0.125	2	15/16	15/16	4/4	1	1	1/32		1/32	1		-1	77	F5	5	978
39	37	1183/8	1247/8	0.125	2	31/32	31/32	4/4	1	1	1/32		1/32	1		2	74	D5	5	979
40	38	148	156	1.0		0	0	4/4	2	2	1/4		1/4	1		3	57	A3	3	1019
40	38	148	156	0.25		0	0	4/4	2	1	1/16		1/16	1		2	62	D4	4	1003
40	38	148	156	0.5		0	0	4/4	1	1	1/8		1/8	1		0	72	C5	5	996
40	38	593/4	625/4	0.25		1/16	1/16	4/4	2	1	1/16		1/16	1		6	66	F#4	4	1004
40	38	297/2	313/2	0.25		1/8	1/8	4/4	2	1	1/16		1/16	1		2	62	D4	4	1005
40	38	297/2	313/2	0.5		1/8	1/8	4/4	1	1	1/8		1/8	1		0	72	C5	5	997
40	38	595/4	627/4	0.25		3/16	3/16	4/4	2	1	1/16		1/16	1		6	66	F#4	4	1006
40	38	149	157	0.5		1/4	1/4	4/4	2	2	1/8		1/8	1		3	57	A3	3	1020
40	38	149	157	0.25		1/4	1/4	4/4	2	1	1/16		1/16	1		2	62	D4	4	1007
40	38	149	157	0.5		1/4	1/4	4/4	1	1	1/8		1/8	1		0	72	C5	5	998
40	38	597/4	629/4	0.25		5/16	5/16	4/4	2	1	1/16		1/16	1		6	66	F#4	4	1008
40	38	299/2	315/2	0.5		3/8	3/8	4/4	2	2	1/8		1/8	1		3	57	A3	3	1021
40	38	299/2	315/2	0.25		3/8	3/8	4/4	2	1	1/16		1/16	1		2	62	D4	4	1009
40	38	299/2	315/2	0.5		3/8	3/8	4/4	1	1	1/8		1/8	1		0	72	C5	5	999
40	38	599/4	631/4	0.25		7/16	7/16	4/4	2	1	1/16		1/16	1		6	66	F#4	4	1010
40	38	150	158	1.0		1/2	1/2	4/4	2	2	1/4		1/4	1		1	55	G3	3	1022
40	38	150	158	0.25		1/2	1/2	4/4	2	1	1/16		1/16	1		2	62	D4	4	1011
40	38	150	158	0.5		1/2	1/2	4/4	1	1	1/8		1/8	1		5	71	B4	4	1000
40	38	601/4	633/4	0.25		9/16	9/16	4/4	2	1	1/16		1/16	1		-1	65	F4	4	1012
40	38	301/2	317/2	0.25		5/8	5/8	4/4	2	1	1/16		1/16	1		2	62	D4	4	1013
40	38	301/2	317/2	0.5		5/8	5/8	4/4	1	1	1/8		1/8	1		-1	77	F5	5	1001
40	38	603/4	635/4	0.25		11/16	11/16	4/4	2	1	1/16		1/16	1		-1	65	F4	4	1014
40	38	151	159	0.5		3/4	3/4	4/4	2	2	1/8		1/8	1		1	55	G3	3	1023
40	38	151	159	0.25		3/4	3/4	4/4	2	1	1/16		1/16	1		5	59	B3	3	1015
40	38	151	159	1.0		3/4	3/4	4/4	1	1	1/4		1/4	1		-1	77	F5	5	1002
40	38	605/4	637/4	0.25		13/16	13/16	4/4	2	1	1/16		1/16	1		2	62	D4	4	1016
40	38	303/2	319/2	0.5		7/8	7/8	4/4	2	2	1/8		1/8	1		8	56	G#3	3	1024
40	38	303/2	319/2	0.25		7/8	7/8	4/4	2	1	1/16		1/16	1		5	59	B3	3	1017
40	38	607/4	639/4	0.25		15/16	15/16	4/4	2	1	1/16		1/16	1		2	62	D4	4	1018
41	39	152	160	0.5		0	0	4/4	2	2	1/8		1/8	1		3	57	A3	3	1039
41	39	152	160	1.5		0	0	4/4	2	1	3/8		1/4	3/2		0	60	C4	4	1037
41	39	152	160	1.0		0	0	4/4	1	1	1/4		1/4	1		4	76	E5	5	1025
41	39	305/2	321/2	0.5		1/8	1/8	4/4	2	2	1/8		1/8	1		1	55	G3	3	1040
41	39	305/2	321/2	0.5		1/8	1/8	4/4	1	2	1/8		1/8	1		1	67	G4	4	1032
41	39	153	161	0.0		1/4	1/4	4/4	1	1	0	grace16	1/16	1		1	79	G5	5	1026
41	39	153	161	0.5		1/4	1/4	4/4	2	2	1/8		1/8	1		-1	53	F3	3	1041
41	39	153	161	0.5		1/4	1/4	4/4	1	2	1/8		1/8	1		3	69	A4	4	1033
41	39	153	161	0.5		1/4	1/4	4/4	1	1	1/8		1/8	1		-1	77	F5	5	1027
41	39	307/2	323/2	0.5		3/8	3/8	4/4	2	2	1/8		1/8	1		1	55	G3	3	1042
41	39	307/2	323/2	0.5		3/8	3/8	4/4	2	1	1/8		1/8	1		-1	65	F4	4	1038
41	39	307/2	323/2	0.5		3/8	3/8	4/4	1	2	1/8		1/8	1		5	71	B4	4	1034
41	39	307/2	323/2	0.25		3/8	3/8	4/4	1	1	1/16		1/16	1		4	76	E5	5	1028
41	39	615/4	647/4	0.25		7/16	7/16	4/4	1	1	1/16		1/16	1		2	74	D5	5	1029
41	39	154	162	0.5		1/2	1/2	4/4	2	2	1/8		1/8	1		0	60	C4	4	1043
41	39	154	162	1.0		1/2	1/2	4/4	1	2	1/4		1/4	1		-1	65	F4	4	1035
41	39	154	162	1.0		1/2	1/2	4/4	1	1	1/4		1/4	1		5	71	B4	4	1030
41	39	154	162	1.0		1/2	1/2	4/4	1	1	1/4		1/4	1		2	74	D5	5	1030
41	39	309/2	325/2	0.5		5/8	5/8	4/4	2	2	1/8		1/8	1		1	55	G3	3	1044
41	39	155	163	0.5		3/4	3/4	4/4	2	2	1/8		1/8	1		0	48	C3	3	1045
41	39	155	163	0.5		3/4	3/4	4/4	1	2	1/8		1/8	1		4	64	E4	4	1036
41	39	155	163	0.5		3/4	3/4	4/4	1	1	1/8		1/8	1		1	67	G4	4	1031
41	39	155	163	0.5		3/4	3/4	4/4	1	1	1/8		1/8	1		0	72	C5	5	1031
